combo_id,fib_id,zoi_id,zoi_zone,pocket_vs_zone,fib_class,zoi_position,combined_verdict,fib_verdict,zoi_verdict,rule_explanation
F1xZ1xOVL,F1,Z1,demand,OVERLAP,IN_POCKET_UP,INSIDE_DEMAND_UP,BUY*,BUY,BUY,HIGHEST-CONVICTION CONFLUENCE - Fib: price is inside the golden pocket (61.8-80%) and making HH-HL (confirmed fib bounce). ZOI: price is inside a demand zone and rising (institutional support confirmed). Geometry: the golden pocket and the zone occupy the SAME price band (true confluence at one level). Fib retracement and zone agree bullish at the SAME price - full-confidence entry.
F1xZ2xOVL,F1,Z2,demand,OVERLAP,IN_POCKET_UP,INSIDE_DEMAND_DOWN,CAUTION,BUY,AVOID,"CONFLICTING SIGNALS - Fib: price is inside the golden pocket (61.8-80%) and making HH-HL (confirmed fib bounce). ZOI: price is inside a demand zone but falling (zone breaking down). Geometry: the golden pocket and the zone occupy the SAME price band (true confluence at one level). The two signals do not cleanly agree (overhead supply, a breaking/extended zone, or pocket and zone at different prices); reduce size or wait for the conflict to resolve."
F1xZ3xOVL,F1,Z3,demand,OVERLAP,IN_POCKET_UP,NEAR_ABOVE_DEMAND_UP,BUY*,BUY,BUY,HIGHEST-CONVICTION CONFLUENCE - Fib: price is inside the golden pocket (61.8-80%) and making HH-HL (confirmed fib bounce). ZOI: price bounced 1-10% above a demand zone with momentum. Geometry: the golden pocket and the zone occupy the SAME price band (true confluence at one level). Fib retracement and zone agree bullish at the SAME price - full-confidence entry.
F1xZ3xPABV,F1,Z3,demand,POCKET_ABOVE,IN_POCKET_UP,NEAR_ABOVE_DEMAND_UP,BUY,BUY,BUY,VALID ENTRY - Fib: price is inside the golden pocket (61.8-80%) and making HH-HL (confirmed fib bounce). ZOI: price bounced 1-10% above a demand zone with momentum. Geometry: the golden pocket sits ABOVE the zone (the zone is a deeper support/backstop below). Fib and zone align bullish - take the trade.
F1xZ4xOVL,F1,Z4,demand,OVERLAP,IN_POCKET_UP,NEAR_ABOVE_DEMAND_DOWN,CAUTION,BUY,WATCH,"CONFLICTING SIGNALS - Fib: price is inside the golden pocket (61.8-80%) and making HH-HL (confirmed fib bounce). ZOI: price is 1-10% above a demand zone but with no HH-HL. Geometry: the golden pocket and the zone occupy the SAME price band (true confluence at one level). The two signals do not cleanly agree (overhead supply, a breaking/extended zone, or pocket and zone at different prices); reduce size or wait for the conflict to resolve."
F1xZ4xPABV,F1,Z4,demand,POCKET_ABOVE,IN_POCKET_UP,NEAR_ABOVE_DEMAND_DOWN,CAUTION,BUY,WATCH,"CONFLICTING SIGNALS - Fib: price is inside the golden pocket (61.8-80%) and making HH-HL (confirmed fib bounce). ZOI: price is 1-10% above a demand zone but with no HH-HL. Geometry: the golden pocket sits ABOVE the zone (the zone is a deeper support/backstop below). The two signals do not cleanly agree (overhead supply, a breaking/extended zone, or pocket and zone at different prices); reduce size or wait for the conflict to resolve."
F1xZ5xPABV,F1,Z5,demand,POCKET_ABOVE,IN_POCKET_UP,FAR_ABOVE_DEMAND,CAUTION,BUY,WAIT,"CONFLICTING SIGNALS - Fib: price is inside the golden pocket (61.8-80%) and making HH-HL (confirmed fib bounce). ZOI: price is >10% above the nearest demand zone (extended). Geometry: the golden pocket sits ABOVE the zone (the zone is a deeper support/backstop below). The two signals do not cleanly agree (overhead supply, a breaking/extended zone, or pocket and zone at different prices); reduce size or wait for the conflict to resolve."
F1xZ5cxOVL,F1,Z5c,demand,OVERLAP,IN_POCKET_UP,RECOVERY_INSIDE_DEMAND,BUY*,BUY,BUY,HIGHEST-CONVICTION CONFLUENCE - Fib: price is inside the golden pocket (61.8-80%) and making HH-HL (confirmed fib bounce). ZOI: price recovered from below back into a demand zone (level reclaimed). Geometry: the golden pocket and the zone occupy the SAME price band (true confluence at one level). Fib retracement and zone agree bullish at the SAME price - full-confidence entry.
F1xZ5dxOVL,F1,Z5d,demand,OVERLAP,IN_POCKET_UP,RECOVERY_ABOVE_DEMAND,BUY*,BUY,BUY,HIGHEST-CONVICTION CONFLUENCE - Fib: price is inside the golden pocket (61.8-80%) and making HH-HL (confirmed fib bounce). ZOI: price recovered through a demand zone and is 1-10% above it. Geometry: the golden pocket and the zone occupy the SAME price band (true confluence at one level). Fib retracement and zone agree bullish at the SAME price - full-confidence entry.
F1xZ5dxPABV,F1,Z5d,demand,POCKET_ABOVE,IN_POCKET_UP,RECOVERY_ABOVE_DEMAND,BUY,BUY,BUY,VALID ENTRY - Fib: price is inside the golden pocket (61.8-80%) and making HH-HL (confirmed fib bounce). ZOI: price recovered through a demand zone and is 1-10% above it. Geometry: the golden pocket sits ABOVE the zone (the zone is a deeper support/backstop below). Fib and zone align bullish - take the trade.
F1xZ6xOVL,F1,Z6,demand,OVERLAP,IN_POCKET_UP,BELOW_DEMAND,CAUTION,BUY,AVOID,"CONFLICTING SIGNALS - Fib: price is inside the golden pocket (61.8-80%) and making HH-HL (confirmed fib bounce). ZOI: price closed below the demand zone (support invalidated). Geometry: the golden pocket and the zone occupy the SAME price band (true confluence at one level). The two signals do not cleanly agree (overhead supply, a breaking/extended zone, or pocket and zone at different prices); reduce size or wait for the conflict to resolve."
F1xZ6xPBLW,F1,Z6,demand,POCKET_BELOW,IN_POCKET_UP,BELOW_DEMAND,CAUTION,BUY,AVOID,"CONFLICTING SIGNALS - Fib: price is inside the golden pocket (61.8-80%) and making HH-HL (confirmed fib bounce). ZOI: price closed below the demand zone (support invalidated). Geometry: the golden pocket sits BELOW the zone (the zone is the nearer level; the pocket is a deeper/secondary level). The two signals do not cleanly agree (overhead supply, a breaking/extended zone, or pocket and zone at different prices); reduce size or wait for the conflict to resolve."
F1xZ13xOVL,F1,Z13,demand,OVERLAP,IN_POCKET_UP,STACKED_DEMAND,BUY*,BUY,BUY,HIGHEST-CONVICTION CONFLUENCE - Fib: price is inside the golden pocket (61.8-80%) and making HH-HL (confirmed fib bounce). ZOI: 2+ demand zones overlap here (multi-zone confluence). Geometry: the golden pocket and the zone occupy the SAME price band (true confluence at one level). Fib retracement and zone agree bullish at the SAME price - full-confidence entry.
F1xZ7xOVL,F1,Z7,supply,OVERLAP,IN_POCKET_UP,INSIDE_SUPPLY,AVOID,BUY,AVOID,DANGEROUS - Fib: price is inside the golden pocket (61.8-80%) and making HH-HL (confirmed fib bounce). ZOI: price is inside a supply zone (active institutional selling). Geometry: the golden pocket and the zone occupy the SAME price band (true confluence at one level). High risk of loss - do not enter here.
F1xZ8xOVL,F1,Z8,supply,OVERLAP,IN_POCKET_UP,NEAR_BELOW_SUPPLY,AVOID,BUY,AVOID,DANGEROUS - Fib: price is inside the golden pocket (61.8-80%) and making HH-HL (confirmed fib bounce). ZOI: price is 1-10% below a supply zone (resistance overhead). Geometry: the golden pocket and the zone occupy the SAME price band (true confluence at one level). High risk of loss - do not enter here.
F1xZ8xPBLW,F1,Z8,supply,POCKET_BELOW,IN_POCKET_UP,NEAR_BELOW_SUPPLY,CAUTION,BUY,AVOID,"CONFLICTING SIGNALS - Fib: price is inside the golden pocket (61.8-80%) and making HH-HL (confirmed fib bounce). ZOI: price is 1-10% below a supply zone (resistance overhead). Geometry: the golden pocket sits BELOW the zone (the zone is the nearer level; the pocket is a deeper/secondary level). The two signals do not cleanly agree (overhead supply, a breaking/extended zone, or pocket and zone at different prices); reduce size or wait for the conflict to resolve."
F1xZ9xPBLW,F1,Z9,supply,POCKET_BELOW,IN_POCKET_UP,FAR_BELOW_SUPPLY,BUY,BUY,WAIT,VALID ENTRY - Fib: price is inside the golden pocket (61.8-80%) and making HH-HL (confirmed fib bounce). ZOI: the nearest supply zone is >10% overhead (not a factor). Geometry: the golden pocket sits BELOW the zone (the zone is the nearer level; the pocket is a deeper/secondary level). Fib and zone align bullish - take the trade.
F1xZ10xOVL,F1,Z10,supply,OVERLAP,IN_POCKET_UP,ABOVE_SUPPLY_UP,BUY*,BUY,BUY,"HIGHEST-CONVICTION CONFLUENCE - Fib: price is inside the golden pocket (61.8-80%) and making HH-HL (confirmed fib bounce). ZOI: price broke above a supply zone and is rising (breakout, old resistance now support). Geometry: the golden pocket and the zone occupy the SAME price band (true confluence at one level). Fib retracement and zone agree bullish at the SAME price - full-confidence entry."
F1xZ10xPABV,F1,Z10,supply,POCKET_ABOVE,IN_POCKET_UP,ABOVE_SUPPLY_UP,BUY,BUY,BUY,"VALID ENTRY - Fib: price is inside the golden pocket (61.8-80%) and making HH-HL (confirmed fib bounce). ZOI: price broke above a supply zone and is rising (breakout, old resistance now support). Geometry: the golden pocket sits ABOVE the zone (the zone is a deeper support/backstop below). Fib and zone align bullish - take the trade."
F1xZ11xOVL,F1,Z11,supply,OVERLAP,IN_POCKET_UP,ABOVE_SUPPLY_DOWN,AVOID,BUY,AVOID,DANGEROUS - Fib: price is inside the golden pocket (61.8-80%) and making HH-HL (confirmed fib bounce). ZOI: price broke above supply but is falling back (failed breakout / bull trap). Geometry: the golden pocket and the zone occupy the SAME price band (true confluence at one level). High risk of loss - do not enter here.
F1xZ11xPABV,F1,Z11,supply,POCKET_ABOVE,IN_POCKET_UP,ABOVE_SUPPLY_DOWN,CAUTION,BUY,AVOID,"CONFLICTING SIGNALS - Fib: price is inside the golden pocket (61.8-80%) and making HH-HL (confirmed fib bounce). ZOI: price broke above supply but is falling back (failed breakout / bull trap). Geometry: the golden pocket sits ABOVE the zone (the zone is a deeper support/backstop below). The two signals do not cleanly agree (overhead supply, a breaking/extended zone, or pocket and zone at different prices); reduce size or wait for the conflict to resolve."
F1xZ11bxPABV,F1,Z11b,supply,POCKET_ABOVE,IN_POCKET_UP,ABOVE_SUPPLY_EXTENDED,CAUTION,BUY,WAIT,"CONFLICTING SIGNALS - Fib: price is inside the golden pocket (61.8-80%) and making HH-HL (confirmed fib bounce). ZOI: price ran >5% past the broken supply zone (extended). Geometry: the golden pocket sits ABOVE the zone (the zone is a deeper support/backstop below). The two signals do not cleanly agree (overhead supply, a breaking/extended zone, or pocket and zone at different prices); reduce size or wait for the conflict to resolve."
F1xZ12xNA,F1,Z12,none,N/A,IN_POCKET_UP,BETWEEN,BUY,BUY,WAIT,"VALID ENTRY - Fib: price is inside the golden pocket (61.8-80%) and making HH-HL (confirmed fib bounce). ZOI: price is between zones (no demand or supply nearby). Geometry: price is between zones, so there is no zone band to align with the pocket. Fib and zone align bullish - take the trade."
F2xZ1xOVL,F2,Z1,demand,OVERLAP,IN_POCKET_UP+RECOVERY,INSIDE_DEMAND_UP,BUY*,BUY,BUY,HIGHEST-CONVICTION CONFLUENCE - Fib: price recovered from near the swing low back into the golden pocket and is making HH-HL (reversal). ZOI: price is inside a demand zone and rising (institutional support confirmed). Geometry: the golden pocket and the zone occupy the SAME price band (true confluence at one level). Fib retracement and zone agree bullish at the SAME price - full-confidence entry.
F2xZ2xOVL,F2,Z2,demand,OVERLAP,IN_POCKET_UP+RECOVERY,INSIDE_DEMAND_DOWN,CAUTION,BUY,AVOID,"CONFLICTING SIGNALS - Fib: price recovered from near the swing low back into the golden pocket and is making HH-HL (reversal). ZOI: price is inside a demand zone but falling (zone breaking down). Geometry: the golden pocket and the zone occupy the SAME price band (true confluence at one level). The two signals do not cleanly agree (overhead supply, a breaking/extended zone, or pocket and zone at different prices); reduce size or wait for the conflict to resolve."
F2xZ3xOVL,F2,Z3,demand,OVERLAP,IN_POCKET_UP+RECOVERY,NEAR_ABOVE_DEMAND_UP,BUY*,BUY,BUY,HIGHEST-CONVICTION CONFLUENCE - Fib: price recovered from near the swing low back into the golden pocket and is making HH-HL (reversal). ZOI: price bounced 1-10% above a demand zone with momentum. Geometry: the golden pocket and the zone occupy the SAME price band (true confluence at one level). Fib retracement and zone agree bullish at the SAME price - full-confidence entry.
F2xZ3xPABV,F2,Z3,demand,POCKET_ABOVE,IN_POCKET_UP+RECOVERY,NEAR_ABOVE_DEMAND_UP,BUY,BUY,BUY,VALID ENTRY - Fib: price recovered from near the swing low back into the golden pocket and is making HH-HL (reversal). ZOI: price bounced 1-10% above a demand zone with momentum. Geometry: the golden pocket sits ABOVE the zone (the zone is a deeper support/backstop below). Fib and zone align bullish - take the trade.
F2xZ4xOVL,F2,Z4,demand,OVERLAP,IN_POCKET_UP+RECOVERY,NEAR_ABOVE_DEMAND_DOWN,CAUTION,BUY,WATCH,"CONFLICTING SIGNALS - Fib: price recovered from near the swing low back into the golden pocket and is making HH-HL (reversal). ZOI: price is 1-10% above a demand zone but with no HH-HL. Geometry: the golden pocket and the zone occupy the SAME price band (true confluence at one level). The two signals do not cleanly agree (overhead supply, a breaking/extended zone, or pocket and zone at different prices); reduce size or wait for the conflict to resolve."
F2xZ4xPABV,F2,Z4,demand,POCKET_ABOVE,IN_POCKET_UP+RECOVERY,NEAR_ABOVE_DEMAND_DOWN,CAUTION,BUY,WATCH,"CONFLICTING SIGNALS - Fib: price recovered from near the swing low back into the golden pocket and is making HH-HL (reversal). ZOI: price is 1-10% above a demand zone but with no HH-HL. Geometry: the golden pocket sits ABOVE the zone (the zone is a deeper support/backstop below). The two signals do not cleanly agree (overhead supply, a breaking/extended zone, or pocket and zone at different prices); reduce size or wait for the conflict to resolve."
F2xZ5xPABV,F2,Z5,demand,POCKET_ABOVE,IN_POCKET_UP+RECOVERY,FAR_ABOVE_DEMAND,CAUTION,BUY,WAIT,"CONFLICTING SIGNALS - Fib: price recovered from near the swing low back into the golden pocket and is making HH-HL (reversal). ZOI: price is >10% above the nearest demand zone (extended). Geometry: the golden pocket sits ABOVE the zone (the zone is a deeper support/backstop below). The two signals do not cleanly agree (overhead supply, a breaking/extended zone, or pocket and zone at different prices); reduce size or wait for the conflict to resolve."
F2xZ5cxOVL,F2,Z5c,demand,OVERLAP,IN_POCKET_UP+RECOVERY,RECOVERY_INSIDE_DEMAND,BUY*,BUY,BUY,HIGHEST-CONVICTION CONFLUENCE - Fib: price recovered from near the swing low back into the golden pocket and is making HH-HL (reversal). ZOI: price recovered from below back into a demand zone (level reclaimed). Geometry: the golden pocket and the zone occupy the SAME price band (true confluence at one level). Fib retracement and zone agree bullish at the SAME price - full-confidence entry.
F2xZ5dxOVL,F2,Z5d,demand,OVERLAP,IN_POCKET_UP+RECOVERY,RECOVERY_ABOVE_DEMAND,BUY*,BUY,BUY,HIGHEST-CONVICTION CONFLUENCE - Fib: price recovered from near the swing low back into the golden pocket and is making HH-HL (reversal). ZOI: price recovered through a demand zone and is 1-10% above it. Geometry: the golden pocket and the zone occupy the SAME price band (true confluence at one level). Fib retracement and zone agree bullish at the SAME price - full-confidence entry.
F2xZ5dxPABV,F2,Z5d,demand,POCKET_ABOVE,IN_POCKET_UP+RECOVERY,RECOVERY_ABOVE_DEMAND,BUY,BUY,BUY,VALID ENTRY - Fib: price recovered from near the swing low back into the golden pocket and is making HH-HL (reversal). ZOI: price recovered through a demand zone and is 1-10% above it. Geometry: the golden pocket sits ABOVE the zone (the zone is a deeper support/backstop below). Fib and zone align bullish - take the trade.
F2xZ6xOVL,F2,Z6,demand,OVERLAP,IN_POCKET_UP+RECOVERY,BELOW_DEMAND,CAUTION,BUY,AVOID,"CONFLICTING SIGNALS - Fib: price recovered from near the swing low back into the golden pocket and is making HH-HL (reversal). ZOI: price closed below the demand zone (support invalidated). Geometry: the golden pocket and the zone occupy the SAME price band (true confluence at one level). The two signals do not cleanly agree (overhead supply, a breaking/extended zone, or pocket and zone at different prices); reduce size or wait for the conflict to resolve."
F2xZ6xPBLW,F2,Z6,demand,POCKET_BELOW,IN_POCKET_UP+RECOVERY,BELOW_DEMAND,CAUTION,BUY,AVOID,"CONFLICTING SIGNALS - Fib: price recovered from near the swing low back into the golden pocket and is making HH-HL (reversal). ZOI: price closed below the demand zone (support invalidated). Geometry: the golden pocket sits BELOW the zone (the zone is the nearer level; the pocket is a deeper/secondary level). The two signals do not cleanly agree (overhead supply, a breaking/extended zone, or pocket and zone at different prices); reduce size or wait for the conflict to resolve."
F2xZ13xOVL,F2,Z13,demand,OVERLAP,IN_POCKET_UP+RECOVERY,STACKED_DEMAND,BUY*,BUY,BUY,HIGHEST-CONVICTION CONFLUENCE - Fib: price recovered from near the swing low back into the golden pocket and is making HH-HL (reversal). ZOI: 2+ demand zones overlap here (multi-zone confluence). Geometry: the golden pocket and the zone occupy the SAME price band (true confluence at one level). Fib retracement and zone agree bullish at the SAME price - full-confidence entry.
F2xZ7xOVL,F2,Z7,supply,OVERLAP,IN_POCKET_UP+RECOVERY,INSIDE_SUPPLY,AVOID,BUY,AVOID,DANGEROUS - Fib: price recovered from near the swing low back into the golden pocket and is making HH-HL (reversal). ZOI: price is inside a supply zone (active institutional selling). Geometry: the golden pocket and the zone occupy the SAME price band (true confluence at one level). High risk of loss - do not enter here.
F2xZ8xOVL,F2,Z8,supply,OVERLAP,IN_POCKET_UP+RECOVERY,NEAR_BELOW_SUPPLY,AVOID,BUY,AVOID,DANGEROUS - Fib: price recovered from near the swing low back into the golden pocket and is making HH-HL (reversal). ZOI: price is 1-10% below a supply zone (resistance overhead). Geometry: the golden pocket and the zone occupy the SAME price band (true confluence at one level). High risk of loss - do not enter here.
F2xZ8xPBLW,F2,Z8,supply,POCKET_BELOW,IN_POCKET_UP+RECOVERY,NEAR_BELOW_SUPPLY,CAUTION,BUY,AVOID,"CONFLICTING SIGNALS - Fib: price recovered from near the swing low back into the golden pocket and is making HH-HL (reversal). ZOI: price is 1-10% below a supply zone (resistance overhead). Geometry: the golden pocket sits BELOW the zone (the zone is the nearer level; the pocket is a deeper/secondary level). The two signals do not cleanly agree (overhead supply, a breaking/extended zone, or pocket and zone at different prices); reduce size or wait for the conflict to resolve."
F2xZ9xPBLW,F2,Z9,supply,POCKET_BELOW,IN_POCKET_UP+RECOVERY,FAR_BELOW_SUPPLY,BUY,BUY,WAIT,VALID ENTRY - Fib: price recovered from near the swing low back into the golden pocket and is making HH-HL (reversal). ZOI: the nearest supply zone is >10% overhead (not a factor). Geometry: the golden pocket sits BELOW the zone (the zone is the nearer level; the pocket is a deeper/secondary level). Fib and zone align bullish - take the trade.
F2xZ10xOVL,F2,Z10,supply,OVERLAP,IN_POCKET_UP+RECOVERY,ABOVE_SUPPLY_UP,BUY*,BUY,BUY,"HIGHEST-CONVICTION CONFLUENCE - Fib: price recovered from near the swing low back into the golden pocket and is making HH-HL (reversal). ZOI: price broke above a supply zone and is rising (breakout, old resistance now support). Geometry: the golden pocket and the zone occupy the SAME price band (true confluence at one level). Fib retracement and zone agree bullish at the SAME price - full-confidence entry."
F2xZ10xPABV,F2,Z10,supply,POCKET_ABOVE,IN_POCKET_UP+RECOVERY,ABOVE_SUPPLY_UP,BUY,BUY,BUY,"VALID ENTRY - Fib: price recovered from near the swing low back into the golden pocket and is making HH-HL (reversal). ZOI: price broke above a supply zone and is rising (breakout, old resistance now support). Geometry: the golden pocket sits ABOVE the zone (the zone is a deeper support/backstop below). Fib and zone align bullish - take the trade."
F2xZ11xOVL,F2,Z11,supply,OVERLAP,IN_POCKET_UP+RECOVERY,ABOVE_SUPPLY_DOWN,AVOID,BUY,AVOID,DANGEROUS - Fib: price recovered from near the swing low back into the golden pocket and is making HH-HL (reversal). ZOI: price broke above supply but is falling back (failed breakout / bull trap). Geometry: the golden pocket and the zone occupy the SAME price band (true confluence at one level). High risk of loss - do not enter here.
F2xZ11xPABV,F2,Z11,supply,POCKET_ABOVE,IN_POCKET_UP+RECOVERY,ABOVE_SUPPLY_DOWN,CAUTION,BUY,AVOID,"CONFLICTING SIGNALS - Fib: price recovered from near the swing low back into the golden pocket and is making HH-HL (reversal). ZOI: price broke above supply but is falling back (failed breakout / bull trap). Geometry: the golden pocket sits ABOVE the zone (the zone is a deeper support/backstop below). The two signals do not cleanly agree (overhead supply, a breaking/extended zone, or pocket and zone at different prices); reduce size or wait for the conflict to resolve."
F2xZ11bxPABV,F2,Z11b,supply,POCKET_ABOVE,IN_POCKET_UP+RECOVERY,ABOVE_SUPPLY_EXTENDED,CAUTION,BUY,WAIT,"CONFLICTING SIGNALS - Fib: price recovered from near the swing low back into the golden pocket and is making HH-HL (reversal). ZOI: price ran >5% past the broken supply zone (extended). Geometry: the golden pocket sits ABOVE the zone (the zone is a deeper support/backstop below). The two signals do not cleanly agree (overhead supply, a breaking/extended zone, or pocket and zone at different prices); reduce size or wait for the conflict to resolve."
F2xZ12xNA,F2,Z12,none,N/A,IN_POCKET_UP+RECOVERY,BETWEEN,BUY,BUY,WAIT,"VALID ENTRY - Fib: price recovered from near the swing low back into the golden pocket and is making HH-HL (reversal). ZOI: price is between zones (no demand or supply nearby). Geometry: price is between zones, so there is no zone band to align with the pocket. Fib and zone align bullish - take the trade."
F3xZ1xOVL,F3,Z1,demand,OVERLAP,IN_POCKET_DOWN,INSIDE_DEMAND_UP,WATCH,WAIT,BUY,SETUP FORMING - Fib: price is inside the golden pocket but still falling (no HH-HL bounce yet). ZOI: price is inside a demand zone and rising (institutional support confirmed). Geometry: the golden pocket and the zone occupy the SAME price band (true confluence at one level). The zone supports a long but the fib leg is not confirmed yet; wait for HH-HL before entering.
F3xZ2xOVL,F3,Z2,demand,OVERLAP,IN_POCKET_DOWN,INSIDE_DEMAND_DOWN,WAIT,WAIT,AVOID,NOT ACTIONABLE YET - Fib: price is inside the golden pocket but still falling (no HH-HL bounce yet). ZOI: price is inside a demand zone but falling (zone breaking down). Geometry: the golden pocket and the zone occupy the SAME price band (true confluence at one level). No confirmed signal; wait for price to reach a zone or confirm direction.
F3xZ3xOVL,F3,Z3,demand,OVERLAP,IN_POCKET_DOWN,NEAR_ABOVE_DEMAND_UP,WATCH,WAIT,BUY,SETUP FORMING - Fib: price is inside the golden pocket but still falling (no HH-HL bounce yet). ZOI: price bounced 1-10% above a demand zone with momentum. Geometry: the golden pocket and the zone occupy the SAME price band (true confluence at one level). The zone supports a long but the fib leg is not confirmed yet; wait for HH-HL before entering.
F3xZ3xPABV,F3,Z3,demand,POCKET_ABOVE,IN_POCKET_DOWN,NEAR_ABOVE_DEMAND_UP,WATCH,WAIT,BUY,SETUP FORMING - Fib: price is inside the golden pocket but still falling (no HH-HL bounce yet). ZOI: price bounced 1-10% above a demand zone with momentum. Geometry: the golden pocket sits ABOVE the zone (the zone is a deeper support/backstop below). The zone supports a long but the fib leg is not confirmed yet; wait for HH-HL before entering.
F3xZ4xOVL,F3,Z4,demand,OVERLAP,IN_POCKET_DOWN,NEAR_ABOVE_DEMAND_DOWN,WAIT,WAIT,WATCH,NOT ACTIONABLE YET - Fib: price is inside the golden pocket but still falling (no HH-HL bounce yet). ZOI: price is 1-10% above a demand zone but with no HH-HL. Geometry: the golden pocket and the zone occupy the SAME price band (true confluence at one level). No confirmed signal; wait for price to reach a zone or confirm direction.
F3xZ4xPABV,F3,Z4,demand,POCKET_ABOVE,IN_POCKET_DOWN,NEAR_ABOVE_DEMAND_DOWN,WAIT,WAIT,WATCH,NOT ACTIONABLE YET - Fib: price is inside the golden pocket but still falling (no HH-HL bounce yet). ZOI: price is 1-10% above a demand zone but with no HH-HL. Geometry: the golden pocket sits ABOVE the zone (the zone is a deeper support/backstop below). No confirmed signal; wait for price to reach a zone or confirm direction.
F3xZ5xPABV,F3,Z5,demand,POCKET_ABOVE,IN_POCKET_DOWN,FAR_ABOVE_DEMAND,WAIT,WAIT,WAIT,NOT ACTIONABLE YET - Fib: price is inside the golden pocket but still falling (no HH-HL bounce yet). ZOI: price is >10% above the nearest demand zone (extended). Geometry: the golden pocket sits ABOVE the zone (the zone is a deeper support/backstop below). No confirmed signal; wait for price to reach a zone or confirm direction.
F3xZ5cxOVL,F3,Z5c,demand,OVERLAP,IN_POCKET_DOWN,RECOVERY_INSIDE_DEMAND,WATCH,WAIT,BUY,SETUP FORMING - Fib: price is inside the golden pocket but still falling (no HH-HL bounce yet). ZOI: price recovered from below back into a demand zone (level reclaimed). Geometry: the golden pocket and the zone occupy the SAME price band (true confluence at one level). The zone supports a long but the fib leg is not confirmed yet; wait for HH-HL before entering.
F3xZ5dxOVL,F3,Z5d,demand,OVERLAP,IN_POCKET_DOWN,RECOVERY_ABOVE_DEMAND,WATCH,WAIT,BUY,SETUP FORMING - Fib: price is inside the golden pocket but still falling (no HH-HL bounce yet). ZOI: price recovered through a demand zone and is 1-10% above it. Geometry: the golden pocket and the zone occupy the SAME price band (true confluence at one level). The zone supports a long but the fib leg is not confirmed yet; wait for HH-HL before entering.
F3xZ5dxPABV,F3,Z5d,demand,POCKET_ABOVE,IN_POCKET_DOWN,RECOVERY_ABOVE_DEMAND,WATCH,WAIT,BUY,SETUP FORMING - Fib: price is inside the golden pocket but still falling (no HH-HL bounce yet). ZOI: price recovered through a demand zone and is 1-10% above it. Geometry: the golden pocket sits ABOVE the zone (the zone is a deeper support/backstop below). The zone supports a long but the fib leg is not confirmed yet; wait for HH-HL before entering.
F3xZ6xOVL,F3,Z6,demand,OVERLAP,IN_POCKET_DOWN,BELOW_DEMAND,AVOID,WAIT,AVOID,DANGEROUS - Fib: price is inside the golden pocket but still falling (no HH-HL bounce yet). ZOI: price closed below the demand zone (support invalidated). Geometry: the golden pocket and the zone occupy the SAME price band (true confluence at one level). High risk of loss - do not enter here.
F3xZ6xPBLW,F3,Z6,demand,POCKET_BELOW,IN_POCKET_DOWN,BELOW_DEMAND,AVOID,WAIT,AVOID,DANGEROUS - Fib: price is inside the golden pocket but still falling (no HH-HL bounce yet). ZOI: price closed below the demand zone (support invalidated). Geometry: the golden pocket sits BELOW the zone (the zone is the nearer level; the pocket is a deeper/secondary level). High risk of loss - do not enter here.
F3xZ13xOVL,F3,Z13,demand,OVERLAP,IN_POCKET_DOWN,STACKED_DEMAND,WATCH,WAIT,BUY,SETUP FORMING - Fib: price is inside the golden pocket but still falling (no HH-HL bounce yet). ZOI: 2+ demand zones overlap here (multi-zone confluence). Geometry: the golden pocket and the zone occupy the SAME price band (true confluence at one level). The zone supports a long but the fib leg is not confirmed yet; wait for HH-HL before entering.
F3xZ7xOVL,F3,Z7,supply,OVERLAP,IN_POCKET_DOWN,INSIDE_SUPPLY,AVOID,WAIT,AVOID,DANGEROUS - Fib: price is inside the golden pocket but still falling (no HH-HL bounce yet). ZOI: price is inside a supply zone (active institutional selling). Geometry: the golden pocket and the zone occupy the SAME price band (true confluence at one level). High risk of loss - do not enter here.
F3xZ8xOVL,F3,Z8,supply,OVERLAP,IN_POCKET_DOWN,NEAR_BELOW_SUPPLY,AVOID,WAIT,AVOID,DANGEROUS - Fib: price is inside the golden pocket but still falling (no HH-HL bounce yet). ZOI: price is 1-10% below a supply zone (resistance overhead). Geometry: the golden pocket and the zone occupy the SAME price band (true confluence at one level). High risk of loss - do not enter here.
F3xZ8xPBLW,F3,Z8,supply,POCKET_BELOW,IN_POCKET_DOWN,NEAR_BELOW_SUPPLY,WAIT,WAIT,AVOID,NOT ACTIONABLE YET - Fib: price is inside the golden pocket but still falling (no HH-HL bounce yet). ZOI: price is 1-10% below a supply zone (resistance overhead). Geometry: the golden pocket sits BELOW the zone (the zone is the nearer level; the pocket is a deeper/secondary level). No confirmed signal; wait for price to reach a zone or confirm direction.
F3xZ9xPBLW,F3,Z9,supply,POCKET_BELOW,IN_POCKET_DOWN,FAR_BELOW_SUPPLY,WAIT,WAIT,WAIT,NOT ACTIONABLE YET - Fib: price is inside the golden pocket but still falling (no HH-HL bounce yet). ZOI: the nearest supply zone is >10% overhead (not a factor). Geometry: the golden pocket sits BELOW the zone (the zone is the nearer level; the pocket is a deeper/secondary level). No confirmed signal; wait for price to reach a zone or confirm direction.
F3xZ10xOVL,F3,Z10,supply,OVERLAP,IN_POCKET_DOWN,ABOVE_SUPPLY_UP,WATCH,WAIT,BUY,"SETUP FORMING - Fib: price is inside the golden pocket but still falling (no HH-HL bounce yet). ZOI: price broke above a supply zone and is rising (breakout, old resistance now support). Geometry: the golden pocket and the zone occupy the SAME price band (true confluence at one level). The zone supports a long but the fib leg is not confirmed yet; wait for HH-HL before entering."
F3xZ10xPABV,F3,Z10,supply,POCKET_ABOVE,IN_POCKET_DOWN,ABOVE_SUPPLY_UP,WATCH,WAIT,BUY,"SETUP FORMING - Fib: price is inside the golden pocket but still falling (no HH-HL bounce yet). ZOI: price broke above a supply zone and is rising (breakout, old resistance now support). Geometry: the golden pocket sits ABOVE the zone (the zone is a deeper support/backstop below). The zone supports a long but the fib leg is not confirmed yet; wait for HH-HL before entering."
F3xZ11xOVL,F3,Z11,supply,OVERLAP,IN_POCKET_DOWN,ABOVE_SUPPLY_DOWN,AVOID,WAIT,AVOID,DANGEROUS - Fib: price is inside the golden pocket but still falling (no HH-HL bounce yet). ZOI: price broke above supply but is falling back (failed breakout / bull trap). Geometry: the golden pocket and the zone occupy the SAME price band (true confluence at one level). High risk of loss - do not enter here.
F3xZ11xPABV,F3,Z11,supply,POCKET_ABOVE,IN_POCKET_DOWN,ABOVE_SUPPLY_DOWN,WAIT,WAIT,AVOID,NOT ACTIONABLE YET - Fib: price is inside the golden pocket but still falling (no HH-HL bounce yet). ZOI: price broke above supply but is falling back (failed breakout / bull trap). Geometry: the golden pocket sits ABOVE the zone (the zone is a deeper support/backstop below). No confirmed signal; wait for price to reach a zone or confirm direction.
F3xZ11bxPABV,F3,Z11b,supply,POCKET_ABOVE,IN_POCKET_DOWN,ABOVE_SUPPLY_EXTENDED,WAIT,WAIT,WAIT,NOT ACTIONABLE YET - Fib: price is inside the golden pocket but still falling (no HH-HL bounce yet). ZOI: price ran >5% past the broken supply zone (extended). Geometry: the golden pocket sits ABOVE the zone (the zone is a deeper support/backstop below). No confirmed signal; wait for price to reach a zone or confirm direction.
F3xZ12xNA,F3,Z12,none,N/A,IN_POCKET_DOWN,BETWEEN,WAIT,WAIT,WAIT,"NOT ACTIONABLE YET - Fib: price is inside the golden pocket but still falling (no HH-HL bounce yet). ZOI: price is between zones (no demand or supply nearby). Geometry: price is between zones, so there is no zone band to align with the pocket. No confirmed signal; wait for price to reach a zone or confirm direction."
F4xZ1xOVL,F4,Z1,demand,OVERLAP,NEAR_ABOVE (touched),INSIDE_DEMAND_UP,BUY*,BUY,BUY,HIGHEST-CONVICTION CONFLUENCE - Fib: price touched the golden pocket and bounced 1-20% above it with HH-HL. ZOI: price is inside a demand zone and rising (institutional support confirmed). Geometry: the golden pocket and the zone occupy the SAME price band (true confluence at one level). Fib retracement and zone agree bullish at the SAME price - full-confidence entry.
F4xZ1xPBLW,F4,Z1,demand,POCKET_BELOW,NEAR_ABOVE (touched),INSIDE_DEMAND_UP,CAUTION,BUY,BUY,"CONFLICTING SIGNALS - Fib: price touched the golden pocket and bounced 1-20% above it with HH-HL. ZOI: price is inside a demand zone and rising (institutional support confirmed). Geometry: the golden pocket sits BELOW the zone (the zone is the nearer level; the pocket is a deeper/secondary level). The two signals do not cleanly agree (overhead supply, a breaking/extended zone, or pocket and zone at different prices); reduce size or wait for the conflict to resolve."
F4xZ2xOVL,F4,Z2,demand,OVERLAP,NEAR_ABOVE (touched),INSIDE_DEMAND_DOWN,CAUTION,BUY,AVOID,"CONFLICTING SIGNALS - Fib: price touched the golden pocket and bounced 1-20% above it with HH-HL. ZOI: price is inside a demand zone but falling (zone breaking down). Geometry: the golden pocket and the zone occupy the SAME price band (true confluence at one level). The two signals do not cleanly agree (overhead supply, a breaking/extended zone, or pocket and zone at different prices); reduce size or wait for the conflict to resolve."
F4xZ2xPBLW,F4,Z2,demand,POCKET_BELOW,NEAR_ABOVE (touched),INSIDE_DEMAND_DOWN,CAUTION,BUY,AVOID,"CONFLICTING SIGNALS - Fib: price touched the golden pocket and bounced 1-20% above it with HH-HL. ZOI: price is inside a demand zone but falling (zone breaking down). Geometry: the golden pocket sits BELOW the zone (the zone is the nearer level; the pocket is a deeper/secondary level). The two signals do not cleanly agree (overhead supply, a breaking/extended zone, or pocket and zone at different prices); reduce size or wait for the conflict to resolve."
F4xZ3xOVL,F4,Z3,demand,OVERLAP,NEAR_ABOVE (touched),NEAR_ABOVE_DEMAND_UP,BUY*,BUY,BUY,HIGHEST-CONVICTION CONFLUENCE - Fib: price touched the golden pocket and bounced 1-20% above it with HH-HL. ZOI: price bounced 1-10% above a demand zone with momentum. Geometry: the golden pocket and the zone occupy the SAME price band (true confluence at one level). Fib retracement and zone agree bullish at the SAME price - full-confidence entry.
F4xZ3xPABV,F4,Z3,demand,POCKET_ABOVE,NEAR_ABOVE (touched),NEAR_ABOVE_DEMAND_UP,BUY,BUY,BUY,VALID ENTRY - Fib: price touched the golden pocket and bounced 1-20% above it with HH-HL. ZOI: price bounced 1-10% above a demand zone with momentum. Geometry: the golden pocket sits ABOVE the zone (the zone is a deeper support/backstop below). Fib and zone align bullish - take the trade.
F4xZ3xPBLW,F4,Z3,demand,POCKET_BELOW,NEAR_ABOVE (touched),NEAR_ABOVE_DEMAND_UP,CAUTION,BUY,BUY,"CONFLICTING SIGNALS - Fib: price touched the golden pocket and bounced 1-20% above it with HH-HL. ZOI: price bounced 1-10% above a demand zone with momentum. Geometry: the golden pocket sits BELOW the zone (the zone is the nearer level; the pocket is a deeper/secondary level). The two signals do not cleanly agree (overhead supply, a breaking/extended zone, or pocket and zone at different prices); reduce size or wait for the conflict to resolve."
F4xZ4xOVL,F4,Z4,demand,OVERLAP,NEAR_ABOVE (touched),NEAR_ABOVE_DEMAND_DOWN,CAUTION,BUY,WATCH,"CONFLICTING SIGNALS - Fib: price touched the golden pocket and bounced 1-20% above it with HH-HL. ZOI: price is 1-10% above a demand zone but with no HH-HL. Geometry: the golden pocket and the zone occupy the SAME price band (true confluence at one level). The two signals do not cleanly agree (overhead supply, a breaking/extended zone, or pocket and zone at different prices); reduce size or wait for the conflict to resolve."
F4xZ4xPABV,F4,Z4,demand,POCKET_ABOVE,NEAR_ABOVE (touched),NEAR_ABOVE_DEMAND_DOWN,CAUTION,BUY,WATCH,"CONFLICTING SIGNALS - Fib: price touched the golden pocket and bounced 1-20% above it with HH-HL. ZOI: price is 1-10% above a demand zone but with no HH-HL. Geometry: the golden pocket sits ABOVE the zone (the zone is a deeper support/backstop below). The two signals do not cleanly agree (overhead supply, a breaking/extended zone, or pocket and zone at different prices); reduce size or wait for the conflict to resolve."
F4xZ4xPBLW,F4,Z4,demand,POCKET_BELOW,NEAR_ABOVE (touched),NEAR_ABOVE_DEMAND_DOWN,CAUTION,BUY,WATCH,"CONFLICTING SIGNALS - Fib: price touched the golden pocket and bounced 1-20% above it with HH-HL. ZOI: price is 1-10% above a demand zone but with no HH-HL. Geometry: the golden pocket sits BELOW the zone (the zone is the nearer level; the pocket is a deeper/secondary level). The two signals do not cleanly agree (overhead supply, a breaking/extended zone, or pocket and zone at different prices); reduce size or wait for the conflict to resolve."
F4xZ5xOVL,F4,Z5,demand,OVERLAP,NEAR_ABOVE (touched),FAR_ABOVE_DEMAND,CAUTION,BUY,WAIT,"CONFLICTING SIGNALS - Fib: price touched the golden pocket and bounced 1-20% above it with HH-HL. ZOI: price is >10% above the nearest demand zone (extended). Geometry: the golden pocket and the zone occupy the SAME price band (true confluence at one level). The two signals do not cleanly agree (overhead supply, a breaking/extended zone, or pocket and zone at different prices); reduce size or wait for the conflict to resolve."
F4xZ5xPABV,F4,Z5,demand,POCKET_ABOVE,NEAR_ABOVE (touched),FAR_ABOVE_DEMAND,CAUTION,BUY,WAIT,"CONFLICTING SIGNALS - Fib: price touched the golden pocket and bounced 1-20% above it with HH-HL. ZOI: price is >10% above the nearest demand zone (extended). Geometry: the golden pocket sits ABOVE the zone (the zone is a deeper support/backstop below). The two signals do not cleanly agree (overhead supply, a breaking/extended zone, or pocket and zone at different prices); reduce size or wait for the conflict to resolve."
F4xZ5xPBLW,F4,Z5,demand,POCKET_BELOW,NEAR_ABOVE (touched),FAR_ABOVE_DEMAND,CAUTION,BUY,WAIT,"CONFLICTING SIGNALS - Fib: price touched the golden pocket and bounced 1-20% above it with HH-HL. ZOI: price is >10% above the nearest demand zone (extended). Geometry: the golden pocket sits BELOW the zone (the zone is the nearer level; the pocket is a deeper/secondary level). The two signals do not cleanly agree (overhead supply, a breaking/extended zone, or pocket and zone at different prices); reduce size or wait for the conflict to resolve."
F4xZ5cxOVL,F4,Z5c,demand,OVERLAP,NEAR_ABOVE (touched),RECOVERY_INSIDE_DEMAND,BUY*,BUY,BUY,HIGHEST-CONVICTION CONFLUENCE - Fib: price touched the golden pocket and bounced 1-20% above it with HH-HL. ZOI: price recovered from below back into a demand zone (level reclaimed). Geometry: the golden pocket and the zone occupy the SAME price band (true confluence at one level). Fib retracement and zone agree bullish at the SAME price - full-confidence entry.
F4xZ5cxPBLW,F4,Z5c,demand,POCKET_BELOW,NEAR_ABOVE (touched),RECOVERY_INSIDE_DEMAND,CAUTION,BUY,BUY,"CONFLICTING SIGNALS - Fib: price touched the golden pocket and bounced 1-20% above it with HH-HL. ZOI: price recovered from below back into a demand zone (level reclaimed). Geometry: the golden pocket sits BELOW the zone (the zone is the nearer level; the pocket is a deeper/secondary level). The two signals do not cleanly agree (overhead supply, a breaking/extended zone, or pocket and zone at different prices); reduce size or wait for the conflict to resolve."
F4xZ5dxOVL,F4,Z5d,demand,OVERLAP,NEAR_ABOVE (touched),RECOVERY_ABOVE_DEMAND,BUY*,BUY,BUY,HIGHEST-CONVICTION CONFLUENCE - Fib: price touched the golden pocket and bounced 1-20% above it with HH-HL. ZOI: price recovered through a demand zone and is 1-10% above it. Geometry: the golden pocket and the zone occupy the SAME price band (true confluence at one level). Fib retracement and zone agree bullish at the SAME price - full-confidence entry.
F4xZ5dxPABV,F4,Z5d,demand,POCKET_ABOVE,NEAR_ABOVE (touched),RECOVERY_ABOVE_DEMAND,BUY,BUY,BUY,VALID ENTRY - Fib: price touched the golden pocket and bounced 1-20% above it with HH-HL. ZOI: price recovered through a demand zone and is 1-10% above it. Geometry: the golden pocket sits ABOVE the zone (the zone is a deeper support/backstop below). Fib and zone align bullish - take the trade.
F4xZ5dxPBLW,F4,Z5d,demand,POCKET_BELOW,NEAR_ABOVE (touched),RECOVERY_ABOVE_DEMAND,CAUTION,BUY,BUY,"CONFLICTING SIGNALS - Fib: price touched the golden pocket and bounced 1-20% above it with HH-HL. ZOI: price recovered through a demand zone and is 1-10% above it. Geometry: the golden pocket sits BELOW the zone (the zone is the nearer level; the pocket is a deeper/secondary level). The two signals do not cleanly agree (overhead supply, a breaking/extended zone, or pocket and zone at different prices); reduce size or wait for the conflict to resolve."
F4xZ6xPBLW,F4,Z6,demand,POCKET_BELOW,NEAR_ABOVE (touched),BELOW_DEMAND,CAUTION,BUY,AVOID,"CONFLICTING SIGNALS - Fib: price touched the golden pocket and bounced 1-20% above it with HH-HL. ZOI: price closed below the demand zone (support invalidated). Geometry: the golden pocket sits BELOW the zone (the zone is the nearer level; the pocket is a deeper/secondary level). The two signals do not cleanly agree (overhead supply, a breaking/extended zone, or pocket and zone at different prices); reduce size or wait for the conflict to resolve."
F4xZ13xOVL,F4,Z13,demand,OVERLAP,NEAR_ABOVE (touched),STACKED_DEMAND,BUY*,BUY,BUY,HIGHEST-CONVICTION CONFLUENCE - Fib: price touched the golden pocket and bounced 1-20% above it with HH-HL. ZOI: 2+ demand zones overlap here (multi-zone confluence). Geometry: the golden pocket and the zone occupy the SAME price band (true confluence at one level). Fib retracement and zone agree bullish at the SAME price - full-confidence entry.
F4xZ13xPBLW,F4,Z13,demand,POCKET_BELOW,NEAR_ABOVE (touched),STACKED_DEMAND,CAUTION,BUY,BUY,"CONFLICTING SIGNALS - Fib: price touched the golden pocket and bounced 1-20% above it with HH-HL. ZOI: 2+ demand zones overlap here (multi-zone confluence). Geometry: the golden pocket sits BELOW the zone (the zone is the nearer level; the pocket is a deeper/secondary level). The two signals do not cleanly agree (overhead supply, a breaking/extended zone, or pocket and zone at different prices); reduce size or wait for the conflict to resolve."
F4xZ7xOVL,F4,Z7,supply,OVERLAP,NEAR_ABOVE (touched),INSIDE_SUPPLY,AVOID,BUY,AVOID,DANGEROUS - Fib: price touched the golden pocket and bounced 1-20% above it with HH-HL. ZOI: price is inside a supply zone (active institutional selling). Geometry: the golden pocket and the zone occupy the SAME price band (true confluence at one level). High risk of loss - do not enter here.
F4xZ7xPBLW,F4,Z7,supply,POCKET_BELOW,NEAR_ABOVE (touched),INSIDE_SUPPLY,CAUTION,BUY,AVOID,"CONFLICTING SIGNALS - Fib: price touched the golden pocket and bounced 1-20% above it with HH-HL. ZOI: price is inside a supply zone (active institutional selling). Geometry: the golden pocket sits BELOW the zone (the zone is the nearer level; the pocket is a deeper/secondary level). The two signals do not cleanly agree (overhead supply, a breaking/extended zone, or pocket and zone at different prices); reduce size or wait for the conflict to resolve."
F4xZ8xPBLW,F4,Z8,supply,POCKET_BELOW,NEAR_ABOVE (touched),NEAR_BELOW_SUPPLY,CAUTION,BUY,AVOID,"CONFLICTING SIGNALS - Fib: price touched the golden pocket and bounced 1-20% above it with HH-HL. ZOI: price is 1-10% below a supply zone (resistance overhead). Geometry: the golden pocket sits BELOW the zone (the zone is the nearer level; the pocket is a deeper/secondary level). The two signals do not cleanly agree (overhead supply, a breaking/extended zone, or pocket and zone at different prices); reduce size or wait for the conflict to resolve."
F4xZ9xPBLW,F4,Z9,supply,POCKET_BELOW,NEAR_ABOVE (touched),FAR_BELOW_SUPPLY,BUY,BUY,WAIT,VALID ENTRY - Fib: price touched the golden pocket and bounced 1-20% above it with HH-HL. ZOI: the nearest supply zone is >10% overhead (not a factor). Geometry: the golden pocket sits BELOW the zone (the zone is the nearer level; the pocket is a deeper/secondary level). Fib and zone align bullish - take the trade.
F4xZ10xOVL,F4,Z10,supply,OVERLAP,NEAR_ABOVE (touched),ABOVE_SUPPLY_UP,BUY*,BUY,BUY,"HIGHEST-CONVICTION CONFLUENCE - Fib: price touched the golden pocket and bounced 1-20% above it with HH-HL. ZOI: price broke above a supply zone and is rising (breakout, old resistance now support). Geometry: the golden pocket and the zone occupy the SAME price band (true confluence at one level). Fib retracement and zone agree bullish at the SAME price - full-confidence entry."
F4xZ10xPABV,F4,Z10,supply,POCKET_ABOVE,NEAR_ABOVE (touched),ABOVE_SUPPLY_UP,BUY,BUY,BUY,"VALID ENTRY - Fib: price touched the golden pocket and bounced 1-20% above it with HH-HL. ZOI: price broke above a supply zone and is rising (breakout, old resistance now support). Geometry: the golden pocket sits ABOVE the zone (the zone is a deeper support/backstop below). Fib and zone align bullish - take the trade."
F4xZ10xPBLW,F4,Z10,supply,POCKET_BELOW,NEAR_ABOVE (touched),ABOVE_SUPPLY_UP,CAUTION,BUY,BUY,"CONFLICTING SIGNALS - Fib: price touched the golden pocket and bounced 1-20% above it with HH-HL. ZOI: price broke above a supply zone and is rising (breakout, old resistance now support). Geometry: the golden pocket sits BELOW the zone (the zone is the nearer level; the pocket is a deeper/secondary level). The two signals do not cleanly agree (overhead supply, a breaking/extended zone, or pocket and zone at different prices); reduce size or wait for the conflict to resolve."
F4xZ11xOVL,F4,Z11,supply,OVERLAP,NEAR_ABOVE (touched),ABOVE_SUPPLY_DOWN,AVOID,BUY,AVOID,DANGEROUS - Fib: price touched the golden pocket and bounced 1-20% above it with HH-HL. ZOI: price broke above supply but is falling back (failed breakout / bull trap). Geometry: the golden pocket and the zone occupy the SAME price band (true confluence at one level). High risk of loss - do not enter here.
F4xZ11xPABV,F4,Z11,supply,POCKET_ABOVE,NEAR_ABOVE (touched),ABOVE_SUPPLY_DOWN,CAUTION,BUY,AVOID,"CONFLICTING SIGNALS - Fib: price touched the golden pocket and bounced 1-20% above it with HH-HL. ZOI: price broke above supply but is falling back (failed breakout / bull trap). Geometry: the golden pocket sits ABOVE the zone (the zone is a deeper support/backstop below). The two signals do not cleanly agree (overhead supply, a breaking/extended zone, or pocket and zone at different prices); reduce size or wait for the conflict to resolve."
F4xZ11xPBLW,F4,Z11,supply,POCKET_BELOW,NEAR_ABOVE (touched),ABOVE_SUPPLY_DOWN,CAUTION,BUY,AVOID,"CONFLICTING SIGNALS - Fib: price touched the golden pocket and bounced 1-20% above it with HH-HL. ZOI: price broke above supply but is falling back (failed breakout / bull trap). Geometry: the golden pocket sits BELOW the zone (the zone is the nearer level; the pocket is a deeper/secondary level). The two signals do not cleanly agree (overhead supply, a breaking/extended zone, or pocket and zone at different prices); reduce size or wait for the conflict to resolve."
F4xZ11bxOVL,F4,Z11b,supply,OVERLAP,NEAR_ABOVE (touched),ABOVE_SUPPLY_EXTENDED,CAUTION,BUY,WAIT,"CONFLICTING SIGNALS - Fib: price touched the golden pocket and bounced 1-20% above it with HH-HL. ZOI: price ran >5% past the broken supply zone (extended). Geometry: the golden pocket and the zone occupy the SAME price band (true confluence at one level). The two signals do not cleanly agree (overhead supply, a breaking/extended zone, or pocket and zone at different prices); reduce size or wait for the conflict to resolve."
F4xZ11bxPABV,F4,Z11b,supply,POCKET_ABOVE,NEAR_ABOVE (touched),ABOVE_SUPPLY_EXTENDED,CAUTION,BUY,WAIT,"CONFLICTING SIGNALS - Fib: price touched the golden pocket and bounced 1-20% above it with HH-HL. ZOI: price ran >5% past the broken supply zone (extended). Geometry: the golden pocket sits ABOVE the zone (the zone is a deeper support/backstop below). The two signals do not cleanly agree (overhead supply, a breaking/extended zone, or pocket and zone at different prices); reduce size or wait for the conflict to resolve."
F4xZ11bxPBLW,F4,Z11b,supply,POCKET_BELOW,NEAR_ABOVE (touched),ABOVE_SUPPLY_EXTENDED,CAUTION,BUY,WAIT,"CONFLICTING SIGNALS - Fib: price touched the golden pocket and bounced 1-20% above it with HH-HL. ZOI: price ran >5% past the broken supply zone (extended). Geometry: the golden pocket sits BELOW the zone (the zone is the nearer level; the pocket is a deeper/secondary level). The two signals do not cleanly agree (overhead supply, a breaking/extended zone, or pocket and zone at different prices); reduce size or wait for the conflict to resolve."
F4xZ12xNA,F4,Z12,none,N/A,NEAR_ABOVE (touched),BETWEEN,BUY,BUY,WAIT,"VALID ENTRY - Fib: price touched the golden pocket and bounced 1-20% above it with HH-HL. ZOI: price is between zones (no demand or supply nearby). Geometry: price is between zones, so there is no zone band to align with the pocket. Fib and zone align bullish - take the trade."
F5xZ1xOVL,F5,Z1,demand,OVERLAP,NEAR_ABOVE (not touched),INSIDE_DEMAND_UP,WATCH,SKIP,BUY,SETUP FORMING - Fib: price is 1-20% above the pocket but never entered it (not a valid fib setup). ZOI: price is inside a demand zone and rising (institutional support confirmed). Geometry: the golden pocket and the zone occupy the SAME price band (true confluence at one level). The zone supports a long but the fib leg is not confirmed yet; wait for HH-HL before entering.
F5xZ1xPBLW,F5,Z1,demand,POCKET_BELOW,NEAR_ABOVE (not touched),INSIDE_DEMAND_UP,WATCH,SKIP,BUY,SETUP FORMING - Fib: price is 1-20% above the pocket but never entered it (not a valid fib setup). ZOI: price is inside a demand zone and rising (institutional support confirmed). Geometry: the golden pocket sits BELOW the zone (the zone is the nearer level; the pocket is a deeper/secondary level). The zone supports a long but the fib leg is not confirmed yet; wait for HH-HL before entering.
F5xZ2xOVL,F5,Z2,demand,OVERLAP,NEAR_ABOVE (not touched),INSIDE_DEMAND_DOWN,AVOID,SKIP,AVOID,DANGEROUS - Fib: price is 1-20% above the pocket but never entered it (not a valid fib setup). ZOI: price is inside a demand zone but falling (zone breaking down). Geometry: the golden pocket and the zone occupy the SAME price band (true confluence at one level). High risk of loss - do not enter here.
F5xZ2xPBLW,F5,Z2,demand,POCKET_BELOW,NEAR_ABOVE (not touched),INSIDE_DEMAND_DOWN,AVOID,SKIP,AVOID,DANGEROUS - Fib: price is 1-20% above the pocket but never entered it (not a valid fib setup). ZOI: price is inside a demand zone but falling (zone breaking down). Geometry: the golden pocket sits BELOW the zone (the zone is the nearer level; the pocket is a deeper/secondary level). High risk of loss - do not enter here.
F5xZ3xOVL,F5,Z3,demand,OVERLAP,NEAR_ABOVE (not touched),NEAR_ABOVE_DEMAND_UP,WATCH,SKIP,BUY,SETUP FORMING - Fib: price is 1-20% above the pocket but never entered it (not a valid fib setup). ZOI: price bounced 1-10% above a demand zone with momentum. Geometry: the golden pocket and the zone occupy the SAME price band (true confluence at one level). The zone supports a long but the fib leg is not confirmed yet; wait for HH-HL before entering.
F5xZ3xPABV,F5,Z3,demand,POCKET_ABOVE,NEAR_ABOVE (not touched),NEAR_ABOVE_DEMAND_UP,WATCH,SKIP,BUY,SETUP FORMING - Fib: price is 1-20% above the pocket but never entered it (not a valid fib setup). ZOI: price bounced 1-10% above a demand zone with momentum. Geometry: the golden pocket sits ABOVE the zone (the zone is a deeper support/backstop below). The zone supports a long but the fib leg is not confirmed yet; wait for HH-HL before entering.
F5xZ3xPBLW,F5,Z3,demand,POCKET_BELOW,NEAR_ABOVE (not touched),NEAR_ABOVE_DEMAND_UP,WATCH,SKIP,BUY,SETUP FORMING - Fib: price is 1-20% above the pocket but never entered it (not a valid fib setup). ZOI: price bounced 1-10% above a demand zone with momentum. Geometry: the golden pocket sits BELOW the zone (the zone is the nearer level; the pocket is a deeper/secondary level). The zone supports a long but the fib leg is not confirmed yet; wait for HH-HL before entering.
F5xZ4xOVL,F5,Z4,demand,OVERLAP,NEAR_ABOVE (not touched),NEAR_ABOVE_DEMAND_DOWN,WAIT,SKIP,WATCH,NOT ACTIONABLE YET - Fib: price is 1-20% above the pocket but never entered it (not a valid fib setup). ZOI: price is 1-10% above a demand zone but with no HH-HL. Geometry: the golden pocket and the zone occupy the SAME price band (true confluence at one level). No confirmed signal; wait for price to reach a zone or confirm direction.
F5xZ4xPABV,F5,Z4,demand,POCKET_ABOVE,NEAR_ABOVE (not touched),NEAR_ABOVE_DEMAND_DOWN,WAIT,SKIP,WATCH,NOT ACTIONABLE YET - Fib: price is 1-20% above the pocket but never entered it (not a valid fib setup). ZOI: price is 1-10% above a demand zone but with no HH-HL. Geometry: the golden pocket sits ABOVE the zone (the zone is a deeper support/backstop below). No confirmed signal; wait for price to reach a zone or confirm direction.
F5xZ4xPBLW,F5,Z4,demand,POCKET_BELOW,NEAR_ABOVE (not touched),NEAR_ABOVE_DEMAND_DOWN,WAIT,SKIP,WATCH,NOT ACTIONABLE YET - Fib: price is 1-20% above the pocket but never entered it (not a valid fib setup). ZOI: price is 1-10% above a demand zone but with no HH-HL. Geometry: the golden pocket sits BELOW the zone (the zone is the nearer level; the pocket is a deeper/secondary level). No confirmed signal; wait for price to reach a zone or confirm direction.
F5xZ5xOVL,F5,Z5,demand,OVERLAP,NEAR_ABOVE (not touched),FAR_ABOVE_DEMAND,WAIT,SKIP,WAIT,NOT ACTIONABLE YET - Fib: price is 1-20% above the pocket but never entered it (not a valid fib setup). ZOI: price is >10% above the nearest demand zone (extended). Geometry: the golden pocket and the zone occupy the SAME price band (true confluence at one level). No confirmed signal; wait for price to reach a zone or confirm direction.
F5xZ5xPABV,F5,Z5,demand,POCKET_ABOVE,NEAR_ABOVE (not touched),FAR_ABOVE_DEMAND,WAIT,SKIP,WAIT,NOT ACTIONABLE YET - Fib: price is 1-20% above the pocket but never entered it (not a valid fib setup). ZOI: price is >10% above the nearest demand zone (extended). Geometry: the golden pocket sits ABOVE the zone (the zone is a deeper support/backstop below). No confirmed signal; wait for price to reach a zone or confirm direction.
F5xZ5xPBLW,F5,Z5,demand,POCKET_BELOW,NEAR_ABOVE (not touched),FAR_ABOVE_DEMAND,WAIT,SKIP,WAIT,NOT ACTIONABLE YET - Fib: price is 1-20% above the pocket but never entered it (not a valid fib setup). ZOI: price is >10% above the nearest demand zone (extended). Geometry: the golden pocket sits BELOW the zone (the zone is the nearer level; the pocket is a deeper/secondary level). No confirmed signal; wait for price to reach a zone or confirm direction.
F5xZ5cxOVL,F5,Z5c,demand,OVERLAP,NEAR_ABOVE (not touched),RECOVERY_INSIDE_DEMAND,WATCH,SKIP,BUY,SETUP FORMING - Fib: price is 1-20% above the pocket but never entered it (not a valid fib setup). ZOI: price recovered from below back into a demand zone (level reclaimed). Geometry: the golden pocket and the zone occupy the SAME price band (true confluence at one level). The zone supports a long but the fib leg is not confirmed yet; wait for HH-HL before entering.
F5xZ5cxPBLW,F5,Z5c,demand,POCKET_BELOW,NEAR_ABOVE (not touched),RECOVERY_INSIDE_DEMAND,WATCH,SKIP,BUY,SETUP FORMING - Fib: price is 1-20% above the pocket but never entered it (not a valid fib setup). ZOI: price recovered from below back into a demand zone (level reclaimed). Geometry: the golden pocket sits BELOW the zone (the zone is the nearer level; the pocket is a deeper/secondary level). The zone supports a long but the fib leg is not confirmed yet; wait for HH-HL before entering.
F5xZ5dxOVL,F5,Z5d,demand,OVERLAP,NEAR_ABOVE (not touched),RECOVERY_ABOVE_DEMAND,WATCH,SKIP,BUY,SETUP FORMING - Fib: price is 1-20% above the pocket but never entered it (not a valid fib setup). ZOI: price recovered through a demand zone and is 1-10% above it. Geometry: the golden pocket and the zone occupy the SAME price band (true confluence at one level). The zone supports a long but the fib leg is not confirmed yet; wait for HH-HL before entering.
F5xZ5dxPABV,F5,Z5d,demand,POCKET_ABOVE,NEAR_ABOVE (not touched),RECOVERY_ABOVE_DEMAND,WATCH,SKIP,BUY,SETUP FORMING - Fib: price is 1-20% above the pocket but never entered it (not a valid fib setup). ZOI: price recovered through a demand zone and is 1-10% above it. Geometry: the golden pocket sits ABOVE the zone (the zone is a deeper support/backstop below). The zone supports a long but the fib leg is not confirmed yet; wait for HH-HL before entering.
F5xZ5dxPBLW,F5,Z5d,demand,POCKET_BELOW,NEAR_ABOVE (not touched),RECOVERY_ABOVE_DEMAND,WATCH,SKIP,BUY,SETUP FORMING - Fib: price is 1-20% above the pocket but never entered it (not a valid fib setup). ZOI: price recovered through a demand zone and is 1-10% above it. Geometry: the golden pocket sits BELOW the zone (the zone is the nearer level; the pocket is a deeper/secondary level). The zone supports a long but the fib leg is not confirmed yet; wait for HH-HL before entering.
F5xZ6xPBLW,F5,Z6,demand,POCKET_BELOW,NEAR_ABOVE (not touched),BELOW_DEMAND,AVOID,SKIP,AVOID,DANGEROUS - Fib: price is 1-20% above the pocket but never entered it (not a valid fib setup). ZOI: price closed below the demand zone (support invalidated). Geometry: the golden pocket sits BELOW the zone (the zone is the nearer level; the pocket is a deeper/secondary level). High risk of loss - do not enter here.
F5xZ13xOVL,F5,Z13,demand,OVERLAP,NEAR_ABOVE (not touched),STACKED_DEMAND,WATCH,SKIP,BUY,SETUP FORMING - Fib: price is 1-20% above the pocket but never entered it (not a valid fib setup). ZOI: 2+ demand zones overlap here (multi-zone confluence). Geometry: the golden pocket and the zone occupy the SAME price band (true confluence at one level). The zone supports a long but the fib leg is not confirmed yet; wait for HH-HL before entering.
F5xZ13xPBLW,F5,Z13,demand,POCKET_BELOW,NEAR_ABOVE (not touched),STACKED_DEMAND,WATCH,SKIP,BUY,SETUP FORMING - Fib: price is 1-20% above the pocket but never entered it (not a valid fib setup). ZOI: 2+ demand zones overlap here (multi-zone confluence). Geometry: the golden pocket sits BELOW the zone (the zone is the nearer level; the pocket is a deeper/secondary level). The zone supports a long but the fib leg is not confirmed yet; wait for HH-HL before entering.
F5xZ7xOVL,F5,Z7,supply,OVERLAP,NEAR_ABOVE (not touched),INSIDE_SUPPLY,AVOID,SKIP,AVOID,DANGEROUS - Fib: price is 1-20% above the pocket but never entered it (not a valid fib setup). ZOI: price is inside a supply zone (active institutional selling). Geometry: the golden pocket and the zone occupy the SAME price band (true confluence at one level). High risk of loss - do not enter here.
F5xZ7xPBLW,F5,Z7,supply,POCKET_BELOW,NEAR_ABOVE (not touched),INSIDE_SUPPLY,SKIP,SKIP,AVOID,NO EDGE - Fib: price is 1-20% above the pocket but never entered it (not a valid fib setup). ZOI: price is inside a supply zone (active institutional selling). Geometry: the golden pocket sits BELOW the zone (the zone is the nearer level; the pocket is a deeper/secondary level). The fib setup is missed/invalid and the zone does not rescue it; wait for a deeper pullback into the golden pocket.
F5xZ8xPBLW,F5,Z8,supply,POCKET_BELOW,NEAR_ABOVE (not touched),NEAR_BELOW_SUPPLY,SKIP,SKIP,AVOID,NO EDGE - Fib: price is 1-20% above the pocket but never entered it (not a valid fib setup). ZOI: price is 1-10% below a supply zone (resistance overhead). Geometry: the golden pocket sits BELOW the zone (the zone is the nearer level; the pocket is a deeper/secondary level). The fib setup is missed/invalid and the zone does not rescue it; wait for a deeper pullback into the golden pocket.
F5xZ9xPBLW,F5,Z9,supply,POCKET_BELOW,NEAR_ABOVE (not touched),FAR_BELOW_SUPPLY,SKIP,SKIP,WAIT,NO EDGE - Fib: price is 1-20% above the pocket but never entered it (not a valid fib setup). ZOI: the nearest supply zone is >10% overhead (not a factor). Geometry: the golden pocket sits BELOW the zone (the zone is the nearer level; the pocket is a deeper/secondary level). The fib setup is missed/invalid and the zone does not rescue it; wait for a deeper pullback into the golden pocket.
F5xZ10xOVL,F5,Z10,supply,OVERLAP,NEAR_ABOVE (not touched),ABOVE_SUPPLY_UP,WATCH,SKIP,BUY,"SETUP FORMING - Fib: price is 1-20% above the pocket but never entered it (not a valid fib setup). ZOI: price broke above a supply zone and is rising (breakout, old resistance now support). Geometry: the golden pocket and the zone occupy the SAME price band (true confluence at one level). The zone supports a long but the fib leg is not confirmed yet; wait for HH-HL before entering."
F5xZ10xPABV,F5,Z10,supply,POCKET_ABOVE,NEAR_ABOVE (not touched),ABOVE_SUPPLY_UP,WATCH,SKIP,BUY,"SETUP FORMING - Fib: price is 1-20% above the pocket but never entered it (not a valid fib setup). ZOI: price broke above a supply zone and is rising (breakout, old resistance now support). Geometry: the golden pocket sits ABOVE the zone (the zone is a deeper support/backstop below). The zone supports a long but the fib leg is not confirmed yet; wait for HH-HL before entering."
F5xZ10xPBLW,F5,Z10,supply,POCKET_BELOW,NEAR_ABOVE (not touched),ABOVE_SUPPLY_UP,WATCH,SKIP,BUY,"SETUP FORMING - Fib: price is 1-20% above the pocket but never entered it (not a valid fib setup). ZOI: price broke above a supply zone and is rising (breakout, old resistance now support). Geometry: the golden pocket sits BELOW the zone (the zone is the nearer level; the pocket is a deeper/secondary level). The zone supports a long but the fib leg is not confirmed yet; wait for HH-HL before entering."
F5xZ11xOVL,F5,Z11,supply,OVERLAP,NEAR_ABOVE (not touched),ABOVE_SUPPLY_DOWN,AVOID,SKIP,AVOID,DANGEROUS - Fib: price is 1-20% above the pocket but never entered it (not a valid fib setup). ZOI: price broke above supply but is falling back (failed breakout / bull trap). Geometry: the golden pocket and the zone occupy the SAME price band (true confluence at one level). High risk of loss - do not enter here.
F5xZ11xPABV,F5,Z11,supply,POCKET_ABOVE,NEAR_ABOVE (not touched),ABOVE_SUPPLY_DOWN,AVOID,SKIP,AVOID,DANGEROUS - Fib: price is 1-20% above the pocket but never entered it (not a valid fib setup). ZOI: price broke above supply but is falling back (failed breakout / bull trap). Geometry: the golden pocket sits ABOVE the zone (the zone is a deeper support/backstop below). High risk of loss - do not enter here.
F5xZ11xPBLW,F5,Z11,supply,POCKET_BELOW,NEAR_ABOVE (not touched),ABOVE_SUPPLY_DOWN,AVOID,SKIP,AVOID,DANGEROUS - Fib: price is 1-20% above the pocket but never entered it (not a valid fib setup). ZOI: price broke above supply but is falling back (failed breakout / bull trap). Geometry: the golden pocket sits BELOW the zone (the zone is the nearer level; the pocket is a deeper/secondary level). High risk of loss - do not enter here.
F5xZ11bxOVL,F5,Z11b,supply,OVERLAP,NEAR_ABOVE (not touched),ABOVE_SUPPLY_EXTENDED,WAIT,SKIP,WAIT,NOT ACTIONABLE YET - Fib: price is 1-20% above the pocket but never entered it (not a valid fib setup). ZOI: price ran >5% past the broken supply zone (extended). Geometry: the golden pocket and the zone occupy the SAME price band (true confluence at one level). No confirmed signal; wait for price to reach a zone or confirm direction.
F5xZ11bxPABV,F5,Z11b,supply,POCKET_ABOVE,NEAR_ABOVE (not touched),ABOVE_SUPPLY_EXTENDED,WAIT,SKIP,WAIT,NOT ACTIONABLE YET - Fib: price is 1-20% above the pocket but never entered it (not a valid fib setup). ZOI: price ran >5% past the broken supply zone (extended). Geometry: the golden pocket sits ABOVE the zone (the zone is a deeper support/backstop below). No confirmed signal; wait for price to reach a zone or confirm direction.
F5xZ11bxPBLW,F5,Z11b,supply,POCKET_BELOW,NEAR_ABOVE (not touched),ABOVE_SUPPLY_EXTENDED,WAIT,SKIP,WAIT,NOT ACTIONABLE YET - Fib: price is 1-20% above the pocket but never entered it (not a valid fib setup). ZOI: price ran >5% past the broken supply zone (extended). Geometry: the golden pocket sits BELOW the zone (the zone is the nearer level; the pocket is a deeper/secondary level). No confirmed signal; wait for price to reach a zone or confirm direction.
F5xZ12xNA,F5,Z12,none,N/A,NEAR_ABOVE (not touched),BETWEEN,SKIP,SKIP,WAIT,"NO EDGE - Fib: price is 1-20% above the pocket but never entered it (not a valid fib setup). ZOI: price is between zones (no demand or supply nearby). Geometry: price is between zones, so there is no zone band to align with the pocket. The fib setup is missed/invalid and the zone does not rescue it; wait for a deeper pullback into the golden pocket."
F6xZ1xOVL,F6,Z1,demand,OVERLAP,NEAR_ABOVE_DOWN,INSIDE_DEMAND_UP,WATCH,WAIT,BUY,SETUP FORMING - Fib: price is 1-20% above the pocket and falling toward it. ZOI: price is inside a demand zone and rising (institutional support confirmed). Geometry: the golden pocket and the zone occupy the SAME price band (true confluence at one level). The zone supports a long but the fib leg is not confirmed yet; wait for HH-HL before entering.
F6xZ1xPBLW,F6,Z1,demand,POCKET_BELOW,NEAR_ABOVE_DOWN,INSIDE_DEMAND_UP,WATCH,WAIT,BUY,SETUP FORMING - Fib: price is 1-20% above the pocket and falling toward it. ZOI: price is inside a demand zone and rising (institutional support confirmed). Geometry: the golden pocket sits BELOW the zone (the zone is the nearer level; the pocket is a deeper/secondary level). The zone supports a long but the fib leg is not confirmed yet; wait for HH-HL before entering.
F6xZ2xOVL,F6,Z2,demand,OVERLAP,NEAR_ABOVE_DOWN,INSIDE_DEMAND_DOWN,WAIT,WAIT,AVOID,NOT ACTIONABLE YET - Fib: price is 1-20% above the pocket and falling toward it. ZOI: price is inside a demand zone but falling (zone breaking down). Geometry: the golden pocket and the zone occupy the SAME price band (true confluence at one level). No confirmed signal; wait for price to reach a zone or confirm direction.
F6xZ2xPBLW,F6,Z2,demand,POCKET_BELOW,NEAR_ABOVE_DOWN,INSIDE_DEMAND_DOWN,WAIT,WAIT,AVOID,NOT ACTIONABLE YET - Fib: price is 1-20% above the pocket and falling toward it. ZOI: price is inside a demand zone but falling (zone breaking down). Geometry: the golden pocket sits BELOW the zone (the zone is the nearer level; the pocket is a deeper/secondary level). No confirmed signal; wait for price to reach a zone or confirm direction.
F6xZ3xOVL,F6,Z3,demand,OVERLAP,NEAR_ABOVE_DOWN,NEAR_ABOVE_DEMAND_UP,WATCH,WAIT,BUY,SETUP FORMING - Fib: price is 1-20% above the pocket and falling toward it. ZOI: price bounced 1-10% above a demand zone with momentum. Geometry: the golden pocket and the zone occupy the SAME price band (true confluence at one level). The zone supports a long but the fib leg is not confirmed yet; wait for HH-HL before entering.
F6xZ3xPABV,F6,Z3,demand,POCKET_ABOVE,NEAR_ABOVE_DOWN,NEAR_ABOVE_DEMAND_UP,WATCH,WAIT,BUY,SETUP FORMING - Fib: price is 1-20% above the pocket and falling toward it. ZOI: price bounced 1-10% above a demand zone with momentum. Geometry: the golden pocket sits ABOVE the zone (the zone is a deeper support/backstop below). The zone supports a long but the fib leg is not confirmed yet; wait for HH-HL before entering.
F6xZ3xPBLW,F6,Z3,demand,POCKET_BELOW,NEAR_ABOVE_DOWN,NEAR_ABOVE_DEMAND_UP,WATCH,WAIT,BUY,SETUP FORMING - Fib: price is 1-20% above the pocket and falling toward it. ZOI: price bounced 1-10% above a demand zone with momentum. Geometry: the golden pocket sits BELOW the zone (the zone is the nearer level; the pocket is a deeper/secondary level). The zone supports a long but the fib leg is not confirmed yet; wait for HH-HL before entering.
F6xZ4xOVL,F6,Z4,demand,OVERLAP,NEAR_ABOVE_DOWN,NEAR_ABOVE_DEMAND_DOWN,WAIT,WAIT,WATCH,NOT ACTIONABLE YET - Fib: price is 1-20% above the pocket and falling toward it. ZOI: price is 1-10% above a demand zone but with no HH-HL. Geometry: the golden pocket and the zone occupy the SAME price band (true confluence at one level). No confirmed signal; wait for price to reach a zone or confirm direction.
F6xZ4xPABV,F6,Z4,demand,POCKET_ABOVE,NEAR_ABOVE_DOWN,NEAR_ABOVE_DEMAND_DOWN,WAIT,WAIT,WATCH,NOT ACTIONABLE YET - Fib: price is 1-20% above the pocket and falling toward it. ZOI: price is 1-10% above a demand zone but with no HH-HL. Geometry: the golden pocket sits ABOVE the zone (the zone is a deeper support/backstop below). No confirmed signal; wait for price to reach a zone or confirm direction.
F6xZ4xPBLW,F6,Z4,demand,POCKET_BELOW,NEAR_ABOVE_DOWN,NEAR_ABOVE_DEMAND_DOWN,WAIT,WAIT,WATCH,NOT ACTIONABLE YET - Fib: price is 1-20% above the pocket and falling toward it. ZOI: price is 1-10% above a demand zone but with no HH-HL. Geometry: the golden pocket sits BELOW the zone (the zone is the nearer level; the pocket is a deeper/secondary level). No confirmed signal; wait for price to reach a zone or confirm direction.
F6xZ5xOVL,F6,Z5,demand,OVERLAP,NEAR_ABOVE_DOWN,FAR_ABOVE_DEMAND,WAIT,WAIT,WAIT,NOT ACTIONABLE YET - Fib: price is 1-20% above the pocket and falling toward it. ZOI: price is >10% above the nearest demand zone (extended). Geometry: the golden pocket and the zone occupy the SAME price band (true confluence at one level). No confirmed signal; wait for price to reach a zone or confirm direction.
F6xZ5xPABV,F6,Z5,demand,POCKET_ABOVE,NEAR_ABOVE_DOWN,FAR_ABOVE_DEMAND,WAIT,WAIT,WAIT,NOT ACTIONABLE YET - Fib: price is 1-20% above the pocket and falling toward it. ZOI: price is >10% above the nearest demand zone (extended). Geometry: the golden pocket sits ABOVE the zone (the zone is a deeper support/backstop below). No confirmed signal; wait for price to reach a zone or confirm direction.
F6xZ5xPBLW,F6,Z5,demand,POCKET_BELOW,NEAR_ABOVE_DOWN,FAR_ABOVE_DEMAND,WAIT,WAIT,WAIT,NOT ACTIONABLE YET - Fib: price is 1-20% above the pocket and falling toward it. ZOI: price is >10% above the nearest demand zone (extended). Geometry: the golden pocket sits BELOW the zone (the zone is the nearer level; the pocket is a deeper/secondary level). No confirmed signal; wait for price to reach a zone or confirm direction.
F6xZ5cxOVL,F6,Z5c,demand,OVERLAP,NEAR_ABOVE_DOWN,RECOVERY_INSIDE_DEMAND,WATCH,WAIT,BUY,SETUP FORMING - Fib: price is 1-20% above the pocket and falling toward it. ZOI: price recovered from below back into a demand zone (level reclaimed). Geometry: the golden pocket and the zone occupy the SAME price band (true confluence at one level). The zone supports a long but the fib leg is not confirmed yet; wait for HH-HL before entering.
F6xZ5cxPBLW,F6,Z5c,demand,POCKET_BELOW,NEAR_ABOVE_DOWN,RECOVERY_INSIDE_DEMAND,WATCH,WAIT,BUY,SETUP FORMING - Fib: price is 1-20% above the pocket and falling toward it. ZOI: price recovered from below back into a demand zone (level reclaimed). Geometry: the golden pocket sits BELOW the zone (the zone is the nearer level; the pocket is a deeper/secondary level). The zone supports a long but the fib leg is not confirmed yet; wait for HH-HL before entering.
F6xZ5dxOVL,F6,Z5d,demand,OVERLAP,NEAR_ABOVE_DOWN,RECOVERY_ABOVE_DEMAND,WATCH,WAIT,BUY,SETUP FORMING - Fib: price is 1-20% above the pocket and falling toward it. ZOI: price recovered through a demand zone and is 1-10% above it. Geometry: the golden pocket and the zone occupy the SAME price band (true confluence at one level). The zone supports a long but the fib leg is not confirmed yet; wait for HH-HL before entering.
F6xZ5dxPABV,F6,Z5d,demand,POCKET_ABOVE,NEAR_ABOVE_DOWN,RECOVERY_ABOVE_DEMAND,WATCH,WAIT,BUY,SETUP FORMING - Fib: price is 1-20% above the pocket and falling toward it. ZOI: price recovered through a demand zone and is 1-10% above it. Geometry: the golden pocket sits ABOVE the zone (the zone is a deeper support/backstop below). The zone supports a long but the fib leg is not confirmed yet; wait for HH-HL before entering.
F6xZ5dxPBLW,F6,Z5d,demand,POCKET_BELOW,NEAR_ABOVE_DOWN,RECOVERY_ABOVE_DEMAND,WATCH,WAIT,BUY,SETUP FORMING - Fib: price is 1-20% above the pocket and falling toward it. ZOI: price recovered through a demand zone and is 1-10% above it. Geometry: the golden pocket sits BELOW the zone (the zone is the nearer level; the pocket is a deeper/secondary level). The zone supports a long but the fib leg is not confirmed yet; wait for HH-HL before entering.
F6xZ6xPBLW,F6,Z6,demand,POCKET_BELOW,NEAR_ABOVE_DOWN,BELOW_DEMAND,AVOID,WAIT,AVOID,DANGEROUS - Fib: price is 1-20% above the pocket and falling toward it. ZOI: price closed below the demand zone (support invalidated). Geometry: the golden pocket sits BELOW the zone (the zone is the nearer level; the pocket is a deeper/secondary level). High risk of loss - do not enter here.
F6xZ13xOVL,F6,Z13,demand,OVERLAP,NEAR_ABOVE_DOWN,STACKED_DEMAND,WATCH,WAIT,BUY,SETUP FORMING - Fib: price is 1-20% above the pocket and falling toward it. ZOI: 2+ demand zones overlap here (multi-zone confluence). Geometry: the golden pocket and the zone occupy the SAME price band (true confluence at one level). The zone supports a long but the fib leg is not confirmed yet; wait for HH-HL before entering.
F6xZ13xPBLW,F6,Z13,demand,POCKET_BELOW,NEAR_ABOVE_DOWN,STACKED_DEMAND,WATCH,WAIT,BUY,SETUP FORMING - Fib: price is 1-20% above the pocket and falling toward it. ZOI: 2+ demand zones overlap here (multi-zone confluence). Geometry: the golden pocket sits BELOW the zone (the zone is the nearer level; the pocket is a deeper/secondary level). The zone supports a long but the fib leg is not confirmed yet; wait for HH-HL before entering.
F6xZ7xOVL,F6,Z7,supply,OVERLAP,NEAR_ABOVE_DOWN,INSIDE_SUPPLY,AVOID,WAIT,AVOID,DANGEROUS - Fib: price is 1-20% above the pocket and falling toward it. ZOI: price is inside a supply zone (active institutional selling). Geometry: the golden pocket and the zone occupy the SAME price band (true confluence at one level). High risk of loss - do not enter here.
F6xZ7xPBLW,F6,Z7,supply,POCKET_BELOW,NEAR_ABOVE_DOWN,INSIDE_SUPPLY,WAIT,WAIT,AVOID,NOT ACTIONABLE YET - Fib: price is 1-20% above the pocket and falling toward it. ZOI: price is inside a supply zone (active institutional selling). Geometry: the golden pocket sits BELOW the zone (the zone is the nearer level; the pocket is a deeper/secondary level). No confirmed signal; wait for price to reach a zone or confirm direction.
F6xZ8xPBLW,F6,Z8,supply,POCKET_BELOW,NEAR_ABOVE_DOWN,NEAR_BELOW_SUPPLY,WAIT,WAIT,AVOID,NOT ACTIONABLE YET - Fib: price is 1-20% above the pocket and falling toward it. ZOI: price is 1-10% below a supply zone (resistance overhead). Geometry: the golden pocket sits BELOW the zone (the zone is the nearer level; the pocket is a deeper/secondary level). No confirmed signal; wait for price to reach a zone or confirm direction.
F6xZ9xPBLW,F6,Z9,supply,POCKET_BELOW,NEAR_ABOVE_DOWN,FAR_BELOW_SUPPLY,WAIT,WAIT,WAIT,NOT ACTIONABLE YET - Fib: price is 1-20% above the pocket and falling toward it. ZOI: the nearest supply zone is >10% overhead (not a factor). Geometry: the golden pocket sits BELOW the zone (the zone is the nearer level; the pocket is a deeper/secondary level). No confirmed signal; wait for price to reach a zone or confirm direction.
F6xZ10xOVL,F6,Z10,supply,OVERLAP,NEAR_ABOVE_DOWN,ABOVE_SUPPLY_UP,WATCH,WAIT,BUY,"SETUP FORMING - Fib: price is 1-20% above the pocket and falling toward it. ZOI: price broke above a supply zone and is rising (breakout, old resistance now support). Geometry: the golden pocket and the zone occupy the SAME price band (true confluence at one level). The zone supports a long but the fib leg is not confirmed yet; wait for HH-HL before entering."
F6xZ10xPABV,F6,Z10,supply,POCKET_ABOVE,NEAR_ABOVE_DOWN,ABOVE_SUPPLY_UP,WATCH,WAIT,BUY,"SETUP FORMING - Fib: price is 1-20% above the pocket and falling toward it. ZOI: price broke above a supply zone and is rising (breakout, old resistance now support). Geometry: the golden pocket sits ABOVE the zone (the zone is a deeper support/backstop below). The zone supports a long but the fib leg is not confirmed yet; wait for HH-HL before entering."
F6xZ10xPBLW,F6,Z10,supply,POCKET_BELOW,NEAR_ABOVE_DOWN,ABOVE_SUPPLY_UP,WATCH,WAIT,BUY,"SETUP FORMING - Fib: price is 1-20% above the pocket and falling toward it. ZOI: price broke above a supply zone and is rising (breakout, old resistance now support). Geometry: the golden pocket sits BELOW the zone (the zone is the nearer level; the pocket is a deeper/secondary level). The zone supports a long but the fib leg is not confirmed yet; wait for HH-HL before entering."
F6xZ11xOVL,F6,Z11,supply,OVERLAP,NEAR_ABOVE_DOWN,ABOVE_SUPPLY_DOWN,AVOID,WAIT,AVOID,DANGEROUS - Fib: price is 1-20% above the pocket and falling toward it. ZOI: price broke above supply but is falling back (failed breakout / bull trap). Geometry: the golden pocket and the zone occupy the SAME price band (true confluence at one level). High risk of loss - do not enter here.
F6xZ11xPABV,F6,Z11,supply,POCKET_ABOVE,NEAR_ABOVE_DOWN,ABOVE_SUPPLY_DOWN,WAIT,WAIT,AVOID,NOT ACTIONABLE YET - Fib: price is 1-20% above the pocket and falling toward it. ZOI: price broke above supply but is falling back (failed breakout / bull trap). Geometry: the golden pocket sits ABOVE the zone (the zone is a deeper support/backstop below). No confirmed signal; wait for price to reach a zone or confirm direction.
F6xZ11xPBLW,F6,Z11,supply,POCKET_BELOW,NEAR_ABOVE_DOWN,ABOVE_SUPPLY_DOWN,WAIT,WAIT,AVOID,NOT ACTIONABLE YET - Fib: price is 1-20% above the pocket and falling toward it. ZOI: price broke above supply but is falling back (failed breakout / bull trap). Geometry: the golden pocket sits BELOW the zone (the zone is the nearer level; the pocket is a deeper/secondary level). No confirmed signal; wait for price to reach a zone or confirm direction.
F6xZ11bxOVL,F6,Z11b,supply,OVERLAP,NEAR_ABOVE_DOWN,ABOVE_SUPPLY_EXTENDED,WAIT,WAIT,WAIT,NOT ACTIONABLE YET - Fib: price is 1-20% above the pocket and falling toward it. ZOI: price ran >5% past the broken supply zone (extended). Geometry: the golden pocket and the zone occupy the SAME price band (true confluence at one level). No confirmed signal; wait for price to reach a zone or confirm direction.
F6xZ11bxPABV,F6,Z11b,supply,POCKET_ABOVE,NEAR_ABOVE_DOWN,ABOVE_SUPPLY_EXTENDED,WAIT,WAIT,WAIT,NOT ACTIONABLE YET - Fib: price is 1-20% above the pocket and falling toward it. ZOI: price ran >5% past the broken supply zone (extended). Geometry: the golden pocket sits ABOVE the zone (the zone is a deeper support/backstop below). No confirmed signal; wait for price to reach a zone or confirm direction.
F6xZ11bxPBLW,F6,Z11b,supply,POCKET_BELOW,NEAR_ABOVE_DOWN,ABOVE_SUPPLY_EXTENDED,WAIT,WAIT,WAIT,NOT ACTIONABLE YET - Fib: price is 1-20% above the pocket and falling toward it. ZOI: price ran >5% past the broken supply zone (extended). Geometry: the golden pocket sits BELOW the zone (the zone is the nearer level; the pocket is a deeper/secondary level). No confirmed signal; wait for price to reach a zone or confirm direction.
F6xZ12xNA,F6,Z12,none,N/A,NEAR_ABOVE_DOWN,BETWEEN,WAIT,WAIT,WAIT,"NOT ACTIONABLE YET - Fib: price is 1-20% above the pocket and falling toward it. ZOI: price is between zones (no demand or supply nearby). Geometry: price is between zones, so there is no zone band to align with the pocket. No confirmed signal; wait for price to reach a zone or confirm direction."
F7xZ1xOVL,F7,Z1,demand,OVERLAP,FAR_ABOVE,INSIDE_DEMAND_UP,WATCH,SKIP,BUY,SETUP FORMING - Fib: price is >20% above the pocket (missed the move). ZOI: price is inside a demand zone and rising (institutional support confirmed). Geometry: the golden pocket and the zone occupy the SAME price band (true confluence at one level). The zone supports a long but the fib leg is not confirmed yet; wait for HH-HL before entering.
F7xZ1xPBLW,F7,Z1,demand,POCKET_BELOW,FAR_ABOVE,INSIDE_DEMAND_UP,WATCH,SKIP,BUY,SETUP FORMING - Fib: price is >20% above the pocket (missed the move). ZOI: price is inside a demand zone and rising (institutional support confirmed). Geometry: the golden pocket sits BELOW the zone (the zone is the nearer level; the pocket is a deeper/secondary level). The zone supports a long but the fib leg is not confirmed yet; wait for HH-HL before entering.
F7xZ2xOVL,F7,Z2,demand,OVERLAP,FAR_ABOVE,INSIDE_DEMAND_DOWN,AVOID,SKIP,AVOID,DANGEROUS - Fib: price is >20% above the pocket (missed the move). ZOI: price is inside a demand zone but falling (zone breaking down). Geometry: the golden pocket and the zone occupy the SAME price band (true confluence at one level). High risk of loss - do not enter here.
F7xZ2xPBLW,F7,Z2,demand,POCKET_BELOW,FAR_ABOVE,INSIDE_DEMAND_DOWN,AVOID,SKIP,AVOID,DANGEROUS - Fib: price is >20% above the pocket (missed the move). ZOI: price is inside a demand zone but falling (zone breaking down). Geometry: the golden pocket sits BELOW the zone (the zone is the nearer level; the pocket is a deeper/secondary level). High risk of loss - do not enter here.
F7xZ3xOVL,F7,Z3,demand,OVERLAP,FAR_ABOVE,NEAR_ABOVE_DEMAND_UP,WATCH,SKIP,BUY,SETUP FORMING - Fib: price is >20% above the pocket (missed the move). ZOI: price bounced 1-10% above a demand zone with momentum. Geometry: the golden pocket and the zone occupy the SAME price band (true confluence at one level). The zone supports a long but the fib leg is not confirmed yet; wait for HH-HL before entering.
F7xZ3xPABV,F7,Z3,demand,POCKET_ABOVE,FAR_ABOVE,NEAR_ABOVE_DEMAND_UP,WATCH,SKIP,BUY,SETUP FORMING - Fib: price is >20% above the pocket (missed the move). ZOI: price bounced 1-10% above a demand zone with momentum. Geometry: the golden pocket sits ABOVE the zone (the zone is a deeper support/backstop below). The zone supports a long but the fib leg is not confirmed yet; wait for HH-HL before entering.
F7xZ3xPBLW,F7,Z3,demand,POCKET_BELOW,FAR_ABOVE,NEAR_ABOVE_DEMAND_UP,WATCH,SKIP,BUY,SETUP FORMING - Fib: price is >20% above the pocket (missed the move). ZOI: price bounced 1-10% above a demand zone with momentum. Geometry: the golden pocket sits BELOW the zone (the zone is the nearer level; the pocket is a deeper/secondary level). The zone supports a long but the fib leg is not confirmed yet; wait for HH-HL before entering.
F7xZ4xOVL,F7,Z4,demand,OVERLAP,FAR_ABOVE,NEAR_ABOVE_DEMAND_DOWN,WAIT,SKIP,WATCH,NOT ACTIONABLE YET - Fib: price is >20% above the pocket (missed the move). ZOI: price is 1-10% above a demand zone but with no HH-HL. Geometry: the golden pocket and the zone occupy the SAME price band (true confluence at one level). No confirmed signal; wait for price to reach a zone or confirm direction.
F7xZ4xPABV,F7,Z4,demand,POCKET_ABOVE,FAR_ABOVE,NEAR_ABOVE_DEMAND_DOWN,WAIT,SKIP,WATCH,NOT ACTIONABLE YET - Fib: price is >20% above the pocket (missed the move). ZOI: price is 1-10% above a demand zone but with no HH-HL. Geometry: the golden pocket sits ABOVE the zone (the zone is a deeper support/backstop below). No confirmed signal; wait for price to reach a zone or confirm direction.
F7xZ4xPBLW,F7,Z4,demand,POCKET_BELOW,FAR_ABOVE,NEAR_ABOVE_DEMAND_DOWN,WAIT,SKIP,WATCH,NOT ACTIONABLE YET - Fib: price is >20% above the pocket (missed the move). ZOI: price is 1-10% above a demand zone but with no HH-HL. Geometry: the golden pocket sits BELOW the zone (the zone is the nearer level; the pocket is a deeper/secondary level). No confirmed signal; wait for price to reach a zone or confirm direction.
F7xZ5xOVL,F7,Z5,demand,OVERLAP,FAR_ABOVE,FAR_ABOVE_DEMAND,WAIT,SKIP,WAIT,NOT ACTIONABLE YET - Fib: price is >20% above the pocket (missed the move). ZOI: price is >10% above the nearest demand zone (extended). Geometry: the golden pocket and the zone occupy the SAME price band (true confluence at one level). No confirmed signal; wait for price to reach a zone or confirm direction.
F7xZ5xPABV,F7,Z5,demand,POCKET_ABOVE,FAR_ABOVE,FAR_ABOVE_DEMAND,WAIT,SKIP,WAIT,NOT ACTIONABLE YET - Fib: price is >20% above the pocket (missed the move). ZOI: price is >10% above the nearest demand zone (extended). Geometry: the golden pocket sits ABOVE the zone (the zone is a deeper support/backstop below). No confirmed signal; wait for price to reach a zone or confirm direction.
F7xZ5xPBLW,F7,Z5,demand,POCKET_BELOW,FAR_ABOVE,FAR_ABOVE_DEMAND,WAIT,SKIP,WAIT,NOT ACTIONABLE YET - Fib: price is >20% above the pocket (missed the move). ZOI: price is >10% above the nearest demand zone (extended). Geometry: the golden pocket sits BELOW the zone (the zone is the nearer level; the pocket is a deeper/secondary level). No confirmed signal; wait for price to reach a zone or confirm direction.
F7xZ5cxOVL,F7,Z5c,demand,OVERLAP,FAR_ABOVE,RECOVERY_INSIDE_DEMAND,WATCH,SKIP,BUY,SETUP FORMING - Fib: price is >20% above the pocket (missed the move). ZOI: price recovered from below back into a demand zone (level reclaimed). Geometry: the golden pocket and the zone occupy the SAME price band (true confluence at one level). The zone supports a long but the fib leg is not confirmed yet; wait for HH-HL before entering.
F7xZ5cxPBLW,F7,Z5c,demand,POCKET_BELOW,FAR_ABOVE,RECOVERY_INSIDE_DEMAND,WATCH,SKIP,BUY,SETUP FORMING - Fib: price is >20% above the pocket (missed the move). ZOI: price recovered from below back into a demand zone (level reclaimed). Geometry: the golden pocket sits BELOW the zone (the zone is the nearer level; the pocket is a deeper/secondary level). The zone supports a long but the fib leg is not confirmed yet; wait for HH-HL before entering.
F7xZ5dxOVL,F7,Z5d,demand,OVERLAP,FAR_ABOVE,RECOVERY_ABOVE_DEMAND,WATCH,SKIP,BUY,SETUP FORMING - Fib: price is >20% above the pocket (missed the move). ZOI: price recovered through a demand zone and is 1-10% above it. Geometry: the golden pocket and the zone occupy the SAME price band (true confluence at one level). The zone supports a long but the fib leg is not confirmed yet; wait for HH-HL before entering.
F7xZ5dxPABV,F7,Z5d,demand,POCKET_ABOVE,FAR_ABOVE,RECOVERY_ABOVE_DEMAND,WATCH,SKIP,BUY,SETUP FORMING - Fib: price is >20% above the pocket (missed the move). ZOI: price recovered through a demand zone and is 1-10% above it. Geometry: the golden pocket sits ABOVE the zone (the zone is a deeper support/backstop below). The zone supports a long but the fib leg is not confirmed yet; wait for HH-HL before entering.
F7xZ5dxPBLW,F7,Z5d,demand,POCKET_BELOW,FAR_ABOVE,RECOVERY_ABOVE_DEMAND,WATCH,SKIP,BUY,SETUP FORMING - Fib: price is >20% above the pocket (missed the move). ZOI: price recovered through a demand zone and is 1-10% above it. Geometry: the golden pocket sits BELOW the zone (the zone is the nearer level; the pocket is a deeper/secondary level). The zone supports a long but the fib leg is not confirmed yet; wait for HH-HL before entering.
F7xZ6xPBLW,F7,Z6,demand,POCKET_BELOW,FAR_ABOVE,BELOW_DEMAND,AVOID,SKIP,AVOID,DANGEROUS - Fib: price is >20% above the pocket (missed the move). ZOI: price closed below the demand zone (support invalidated). Geometry: the golden pocket sits BELOW the zone (the zone is the nearer level; the pocket is a deeper/secondary level). High risk of loss - do not enter here.
F7xZ13xOVL,F7,Z13,demand,OVERLAP,FAR_ABOVE,STACKED_DEMAND,WATCH,SKIP,BUY,SETUP FORMING - Fib: price is >20% above the pocket (missed the move). ZOI: 2+ demand zones overlap here (multi-zone confluence). Geometry: the golden pocket and the zone occupy the SAME price band (true confluence at one level). The zone supports a long but the fib leg is not confirmed yet; wait for HH-HL before entering.
F7xZ13xPBLW,F7,Z13,demand,POCKET_BELOW,FAR_ABOVE,STACKED_DEMAND,WATCH,SKIP,BUY,SETUP FORMING - Fib: price is >20% above the pocket (missed the move). ZOI: 2+ demand zones overlap here (multi-zone confluence). Geometry: the golden pocket sits BELOW the zone (the zone is the nearer level; the pocket is a deeper/secondary level). The zone supports a long but the fib leg is not confirmed yet; wait for HH-HL before entering.
F7xZ7xOVL,F7,Z7,supply,OVERLAP,FAR_ABOVE,INSIDE_SUPPLY,AVOID,SKIP,AVOID,DANGEROUS - Fib: price is >20% above the pocket (missed the move). ZOI: price is inside a supply zone (active institutional selling). Geometry: the golden pocket and the zone occupy the SAME price band (true confluence at one level). High risk of loss - do not enter here.
F7xZ7xPBLW,F7,Z7,supply,POCKET_BELOW,FAR_ABOVE,INSIDE_SUPPLY,SKIP,SKIP,AVOID,NO EDGE - Fib: price is >20% above the pocket (missed the move). ZOI: price is inside a supply zone (active institutional selling). Geometry: the golden pocket sits BELOW the zone (the zone is the nearer level; the pocket is a deeper/secondary level). The fib setup is missed/invalid and the zone does not rescue it; wait for a deeper pullback into the golden pocket.
F7xZ8xPBLW,F7,Z8,supply,POCKET_BELOW,FAR_ABOVE,NEAR_BELOW_SUPPLY,SKIP,SKIP,AVOID,NO EDGE - Fib: price is >20% above the pocket (missed the move). ZOI: price is 1-10% below a supply zone (resistance overhead). Geometry: the golden pocket sits BELOW the zone (the zone is the nearer level; the pocket is a deeper/secondary level). The fib setup is missed/invalid and the zone does not rescue it; wait for a deeper pullback into the golden pocket.
F7xZ9xPBLW,F7,Z9,supply,POCKET_BELOW,FAR_ABOVE,FAR_BELOW_SUPPLY,SKIP,SKIP,WAIT,NO EDGE - Fib: price is >20% above the pocket (missed the move). ZOI: the nearest supply zone is >10% overhead (not a factor). Geometry: the golden pocket sits BELOW the zone (the zone is the nearer level; the pocket is a deeper/secondary level). The fib setup is missed/invalid and the zone does not rescue it; wait for a deeper pullback into the golden pocket.
F7xZ10xOVL,F7,Z10,supply,OVERLAP,FAR_ABOVE,ABOVE_SUPPLY_UP,WATCH,SKIP,BUY,"SETUP FORMING - Fib: price is >20% above the pocket (missed the move). ZOI: price broke above a supply zone and is rising (breakout, old resistance now support). Geometry: the golden pocket and the zone occupy the SAME price band (true confluence at one level). The zone supports a long but the fib leg is not confirmed yet; wait for HH-HL before entering."
F7xZ10xPABV,F7,Z10,supply,POCKET_ABOVE,FAR_ABOVE,ABOVE_SUPPLY_UP,WATCH,SKIP,BUY,"SETUP FORMING - Fib: price is >20% above the pocket (missed the move). ZOI: price broke above a supply zone and is rising (breakout, old resistance now support). Geometry: the golden pocket sits ABOVE the zone (the zone is a deeper support/backstop below). The zone supports a long but the fib leg is not confirmed yet; wait for HH-HL before entering."
F7xZ10xPBLW,F7,Z10,supply,POCKET_BELOW,FAR_ABOVE,ABOVE_SUPPLY_UP,WATCH,SKIP,BUY,"SETUP FORMING - Fib: price is >20% above the pocket (missed the move). ZOI: price broke above a supply zone and is rising (breakout, old resistance now support). Geometry: the golden pocket sits BELOW the zone (the zone is the nearer level; the pocket is a deeper/secondary level). The zone supports a long but the fib leg is not confirmed yet; wait for HH-HL before entering."
F7xZ11xOVL,F7,Z11,supply,OVERLAP,FAR_ABOVE,ABOVE_SUPPLY_DOWN,AVOID,SKIP,AVOID,DANGEROUS - Fib: price is >20% above the pocket (missed the move). ZOI: price broke above supply but is falling back (failed breakout / bull trap). Geometry: the golden pocket and the zone occupy the SAME price band (true confluence at one level). High risk of loss - do not enter here.
F7xZ11xPABV,F7,Z11,supply,POCKET_ABOVE,FAR_ABOVE,ABOVE_SUPPLY_DOWN,AVOID,SKIP,AVOID,DANGEROUS - Fib: price is >20% above the pocket (missed the move). ZOI: price broke above supply but is falling back (failed breakout / bull trap). Geometry: the golden pocket sits ABOVE the zone (the zone is a deeper support/backstop below). High risk of loss - do not enter here.
F7xZ11xPBLW,F7,Z11,supply,POCKET_BELOW,FAR_ABOVE,ABOVE_SUPPLY_DOWN,AVOID,SKIP,AVOID,DANGEROUS - Fib: price is >20% above the pocket (missed the move). ZOI: price broke above supply but is falling back (failed breakout / bull trap). Geometry: the golden pocket sits BELOW the zone (the zone is the nearer level; the pocket is a deeper/secondary level). High risk of loss - do not enter here.
F7xZ11bxOVL,F7,Z11b,supply,OVERLAP,FAR_ABOVE,ABOVE_SUPPLY_EXTENDED,WAIT,SKIP,WAIT,NOT ACTIONABLE YET - Fib: price is >20% above the pocket (missed the move). ZOI: price ran >5% past the broken supply zone (extended). Geometry: the golden pocket and the zone occupy the SAME price band (true confluence at one level). No confirmed signal; wait for price to reach a zone or confirm direction.
F7xZ11bxPABV,F7,Z11b,supply,POCKET_ABOVE,FAR_ABOVE,ABOVE_SUPPLY_EXTENDED,WAIT,SKIP,WAIT,NOT ACTIONABLE YET - Fib: price is >20% above the pocket (missed the move). ZOI: price ran >5% past the broken supply zone (extended). Geometry: the golden pocket sits ABOVE the zone (the zone is a deeper support/backstop below). No confirmed signal; wait for price to reach a zone or confirm direction.
F7xZ11bxPBLW,F7,Z11b,supply,POCKET_BELOW,FAR_ABOVE,ABOVE_SUPPLY_EXTENDED,WAIT,SKIP,WAIT,NOT ACTIONABLE YET - Fib: price is >20% above the pocket (missed the move). ZOI: price ran >5% past the broken supply zone (extended). Geometry: the golden pocket sits BELOW the zone (the zone is the nearer level; the pocket is a deeper/secondary level). No confirmed signal; wait for price to reach a zone or confirm direction.
F7xZ12xNA,F7,Z12,none,N/A,FAR_ABOVE,BETWEEN,SKIP,SKIP,WAIT,"NO EDGE - Fib: price is >20% above the pocket (missed the move). ZOI: price is between zones (no demand or supply nearby). Geometry: price is between zones, so there is no zone band to align with the pocket. The fib setup is missed/invalid and the zone does not rescue it; wait for a deeper pullback into the golden pocket."
F8xZ1xOVL,F8,Z1,demand,OVERLAP,BELOW_DOWN,INSIDE_DEMAND_UP,WATCH,WAIT,BUY,SETUP FORMING - Fib: price is below the pocket and still falling (falling knife). ZOI: price is inside a demand zone and rising (institutional support confirmed). Geometry: the golden pocket and the zone occupy the SAME price band (true confluence at one level). The zone supports a long but the fib leg is not confirmed yet; wait for HH-HL before entering.
F8xZ1xPABV,F8,Z1,demand,POCKET_ABOVE,BELOW_DOWN,INSIDE_DEMAND_UP,WATCH,WAIT,BUY,SETUP FORMING - Fib: price is below the pocket and still falling (falling knife). ZOI: price is inside a demand zone and rising (institutional support confirmed). Geometry: the golden pocket sits ABOVE the zone (the zone is a deeper support/backstop below). The zone supports a long but the fib leg is not confirmed yet; wait for HH-HL before entering.
F8xZ2xOVL,F8,Z2,demand,OVERLAP,BELOW_DOWN,INSIDE_DEMAND_DOWN,AVOID,WAIT,AVOID,DANGEROUS - Fib: price is below the pocket and still falling (falling knife). ZOI: price is inside a demand zone but falling (zone breaking down). Geometry: the golden pocket and the zone occupy the SAME price band (true confluence at one level). High risk of loss - do not enter here.
F8xZ2xPABV,F8,Z2,demand,POCKET_ABOVE,BELOW_DOWN,INSIDE_DEMAND_DOWN,AVOID,WAIT,AVOID,DANGEROUS - Fib: price is below the pocket and still falling (falling knife). ZOI: price is inside a demand zone but falling (zone breaking down). Geometry: the golden pocket sits ABOVE the zone (the zone is a deeper support/backstop below). High risk of loss - do not enter here.
F8xZ3xPABV,F8,Z3,demand,POCKET_ABOVE,BELOW_DOWN,NEAR_ABOVE_DEMAND_UP,WATCH,WAIT,BUY,SETUP FORMING - Fib: price is below the pocket and still falling (falling knife). ZOI: price bounced 1-10% above a demand zone with momentum. Geometry: the golden pocket sits ABOVE the zone (the zone is a deeper support/backstop below). The zone supports a long but the fib leg is not confirmed yet; wait for HH-HL before entering.
F8xZ4xPABV,F8,Z4,demand,POCKET_ABOVE,BELOW_DOWN,NEAR_ABOVE_DEMAND_DOWN,WAIT,WAIT,WATCH,NOT ACTIONABLE YET - Fib: price is below the pocket and still falling (falling knife). ZOI: price is 1-10% above a demand zone but with no HH-HL. Geometry: the golden pocket sits ABOVE the zone (the zone is a deeper support/backstop below). No confirmed signal; wait for price to reach a zone or confirm direction.
F8xZ5xPABV,F8,Z5,demand,POCKET_ABOVE,BELOW_DOWN,FAR_ABOVE_DEMAND,WAIT,WAIT,WAIT,NOT ACTIONABLE YET - Fib: price is below the pocket and still falling (falling knife). ZOI: price is >10% above the nearest demand zone (extended). Geometry: the golden pocket sits ABOVE the zone (the zone is a deeper support/backstop below). No confirmed signal; wait for price to reach a zone or confirm direction.
F8xZ5cxOVL,F8,Z5c,demand,OVERLAP,BELOW_DOWN,RECOVERY_INSIDE_DEMAND,WATCH,WAIT,BUY,SETUP FORMING - Fib: price is below the pocket and still falling (falling knife). ZOI: price recovered from below back into a demand zone (level reclaimed). Geometry: the golden pocket and the zone occupy the SAME price band (true confluence at one level). The zone supports a long but the fib leg is not confirmed yet; wait for HH-HL before entering.
F8xZ5cxPABV,F8,Z5c,demand,POCKET_ABOVE,BELOW_DOWN,RECOVERY_INSIDE_DEMAND,WATCH,WAIT,BUY,SETUP FORMING - Fib: price is below the pocket and still falling (falling knife). ZOI: price recovered from below back into a demand zone (level reclaimed). Geometry: the golden pocket sits ABOVE the zone (the zone is a deeper support/backstop below). The zone supports a long but the fib leg is not confirmed yet; wait for HH-HL before entering.
F8xZ5dxPABV,F8,Z5d,demand,POCKET_ABOVE,BELOW_DOWN,RECOVERY_ABOVE_DEMAND,WATCH,WAIT,BUY,SETUP FORMING - Fib: price is below the pocket and still falling (falling knife). ZOI: price recovered through a demand zone and is 1-10% above it. Geometry: the golden pocket sits ABOVE the zone (the zone is a deeper support/backstop below). The zone supports a long but the fib leg is not confirmed yet; wait for HH-HL before entering.
F8xZ6xOVL,F8,Z6,demand,OVERLAP,BELOW_DOWN,BELOW_DEMAND,AVOID,WAIT,AVOID,DANGEROUS - Fib: price is below the pocket and still falling (falling knife). ZOI: price closed below the demand zone (support invalidated). Geometry: the golden pocket and the zone occupy the SAME price band (true confluence at one level). High risk of loss - do not enter here.
F8xZ6xPABV,F8,Z6,demand,POCKET_ABOVE,BELOW_DOWN,BELOW_DEMAND,AVOID,WAIT,AVOID,DANGEROUS - Fib: price is below the pocket and still falling (falling knife). ZOI: price closed below the demand zone (support invalidated). Geometry: the golden pocket sits ABOVE the zone (the zone is a deeper support/backstop below). High risk of loss - do not enter here.
F8xZ6xPBLW,F8,Z6,demand,POCKET_BELOW,BELOW_DOWN,BELOW_DEMAND,AVOID,WAIT,AVOID,DANGEROUS - Fib: price is below the pocket and still falling (falling knife). ZOI: price closed below the demand zone (support invalidated). Geometry: the golden pocket sits BELOW the zone (the zone is the nearer level; the pocket is a deeper/secondary level). High risk of loss - do not enter here.
F8xZ13xOVL,F8,Z13,demand,OVERLAP,BELOW_DOWN,STACKED_DEMAND,WATCH,WAIT,BUY,SETUP FORMING - Fib: price is below the pocket and still falling (falling knife). ZOI: 2+ demand zones overlap here (multi-zone confluence). Geometry: the golden pocket and the zone occupy the SAME price band (true confluence at one level). The zone supports a long but the fib leg is not confirmed yet; wait for HH-HL before entering.
F8xZ13xPABV,F8,Z13,demand,POCKET_ABOVE,BELOW_DOWN,STACKED_DEMAND,WATCH,WAIT,BUY,SETUP FORMING - Fib: price is below the pocket and still falling (falling knife). ZOI: 2+ demand zones overlap here (multi-zone confluence). Geometry: the golden pocket sits ABOVE the zone (the zone is a deeper support/backstop below). The zone supports a long but the fib leg is not confirmed yet; wait for HH-HL before entering.
F8xZ7xOVL,F8,Z7,supply,OVERLAP,BELOW_DOWN,INSIDE_SUPPLY,AVOID,WAIT,AVOID,DANGEROUS - Fib: price is below the pocket and still falling (falling knife). ZOI: price is inside a supply zone (active institutional selling). Geometry: the golden pocket and the zone occupy the SAME price band (true confluence at one level). High risk of loss - do not enter here.
F8xZ7xPABV,F8,Z7,supply,POCKET_ABOVE,BELOW_DOWN,INSIDE_SUPPLY,AVOID,WAIT,AVOID,DANGEROUS - Fib: price is below the pocket and still falling (falling knife). ZOI: price is inside a supply zone (active institutional selling). Geometry: the golden pocket sits ABOVE the zone (the zone is a deeper support/backstop below). High risk of loss - do not enter here.
F8xZ8xOVL,F8,Z8,supply,OVERLAP,BELOW_DOWN,NEAR_BELOW_SUPPLY,AVOID,WAIT,AVOID,DANGEROUS - Fib: price is below the pocket and still falling (falling knife). ZOI: price is 1-10% below a supply zone (resistance overhead). Geometry: the golden pocket and the zone occupy the SAME price band (true confluence at one level). High risk of loss - do not enter here.
F8xZ8xPABV,F8,Z8,supply,POCKET_ABOVE,BELOW_DOWN,NEAR_BELOW_SUPPLY,AVOID,WAIT,AVOID,DANGEROUS - Fib: price is below the pocket and still falling (falling knife). ZOI: price is 1-10% below a supply zone (resistance overhead). Geometry: the golden pocket sits ABOVE the zone (the zone is a deeper support/backstop below). High risk of loss - do not enter here.
F8xZ8xPBLW,F8,Z8,supply,POCKET_BELOW,BELOW_DOWN,NEAR_BELOW_SUPPLY,AVOID,WAIT,AVOID,DANGEROUS - Fib: price is below the pocket and still falling (falling knife). ZOI: price is 1-10% below a supply zone (resistance overhead). Geometry: the golden pocket sits BELOW the zone (the zone is the nearer level; the pocket is a deeper/secondary level). High risk of loss - do not enter here.
F8xZ9xOVL,F8,Z9,supply,OVERLAP,BELOW_DOWN,FAR_BELOW_SUPPLY,WAIT,WAIT,WAIT,NOT ACTIONABLE YET - Fib: price is below the pocket and still falling (falling knife). ZOI: the nearest supply zone is >10% overhead (not a factor). Geometry: the golden pocket and the zone occupy the SAME price band (true confluence at one level). No confirmed signal; wait for price to reach a zone or confirm direction.
F8xZ9xPABV,F8,Z9,supply,POCKET_ABOVE,BELOW_DOWN,FAR_BELOW_SUPPLY,WAIT,WAIT,WAIT,NOT ACTIONABLE YET - Fib: price is below the pocket and still falling (falling knife). ZOI: the nearest supply zone is >10% overhead (not a factor). Geometry: the golden pocket sits ABOVE the zone (the zone is a deeper support/backstop below). No confirmed signal; wait for price to reach a zone or confirm direction.
F8xZ9xPBLW,F8,Z9,supply,POCKET_BELOW,BELOW_DOWN,FAR_BELOW_SUPPLY,WAIT,WAIT,WAIT,NOT ACTIONABLE YET - Fib: price is below the pocket and still falling (falling knife). ZOI: the nearest supply zone is >10% overhead (not a factor). Geometry: the golden pocket sits BELOW the zone (the zone is the nearer level; the pocket is a deeper/secondary level). No confirmed signal; wait for price to reach a zone or confirm direction.
F8xZ10xPABV,F8,Z10,supply,POCKET_ABOVE,BELOW_DOWN,ABOVE_SUPPLY_UP,WATCH,WAIT,BUY,"SETUP FORMING - Fib: price is below the pocket and still falling (falling knife). ZOI: price broke above a supply zone and is rising (breakout, old resistance now support). Geometry: the golden pocket sits ABOVE the zone (the zone is a deeper support/backstop below). The zone supports a long but the fib leg is not confirmed yet; wait for HH-HL before entering."
F8xZ11xPABV,F8,Z11,supply,POCKET_ABOVE,BELOW_DOWN,ABOVE_SUPPLY_DOWN,AVOID,WAIT,AVOID,DANGEROUS - Fib: price is below the pocket and still falling (falling knife). ZOI: price broke above supply but is falling back (failed breakout / bull trap). Geometry: the golden pocket sits ABOVE the zone (the zone is a deeper support/backstop below). High risk of loss - do not enter here.
F8xZ11bxPABV,F8,Z11b,supply,POCKET_ABOVE,BELOW_DOWN,ABOVE_SUPPLY_EXTENDED,WAIT,WAIT,WAIT,NOT ACTIONABLE YET - Fib: price is below the pocket and still falling (falling knife). ZOI: price ran >5% past the broken supply zone (extended). Geometry: the golden pocket sits ABOVE the zone (the zone is a deeper support/backstop below). No confirmed signal; wait for price to reach a zone or confirm direction.
F8xZ12xNA,F8,Z12,none,N/A,BELOW_DOWN,BETWEEN,WAIT,WAIT,WAIT,"NOT ACTIONABLE YET - Fib: price is below the pocket and still falling (falling knife). ZOI: price is between zones (no demand or supply nearby). Geometry: price is between zones, so there is no zone band to align with the pocket. No confirmed signal; wait for price to reach a zone or confirm direction."
F9xZ1xOVL,F9,Z1,demand,OVERLAP,BELOW_UP,INSIDE_DEMAND_UP,WATCH,WAIT,BUY,SETUP FORMING - Fib: price is below the pocket but rising toward it. ZOI: price is inside a demand zone and rising (institutional support confirmed). Geometry: the golden pocket and the zone occupy the SAME price band (true confluence at one level). The zone supports a long but the fib leg is not confirmed yet; wait for HH-HL before entering.
F9xZ1xPABV,F9,Z1,demand,POCKET_ABOVE,BELOW_UP,INSIDE_DEMAND_UP,WATCH,WAIT,BUY,SETUP FORMING - Fib: price is below the pocket but rising toward it. ZOI: price is inside a demand zone and rising (institutional support confirmed). Geometry: the golden pocket sits ABOVE the zone (the zone is a deeper support/backstop below). The zone supports a long but the fib leg is not confirmed yet; wait for HH-HL before entering.
F9xZ2xOVL,F9,Z2,demand,OVERLAP,BELOW_UP,INSIDE_DEMAND_DOWN,WAIT,WAIT,AVOID,NOT ACTIONABLE YET - Fib: price is below the pocket but rising toward it. ZOI: price is inside a demand zone but falling (zone breaking down). Geometry: the golden pocket and the zone occupy the SAME price band (true confluence at one level). No confirmed signal; wait for price to reach a zone or confirm direction.
F9xZ2xPABV,F9,Z2,demand,POCKET_ABOVE,BELOW_UP,INSIDE_DEMAND_DOWN,WAIT,WAIT,AVOID,NOT ACTIONABLE YET - Fib: price is below the pocket but rising toward it. ZOI: price is inside a demand zone but falling (zone breaking down). Geometry: the golden pocket sits ABOVE the zone (the zone is a deeper support/backstop below). No confirmed signal; wait for price to reach a zone or confirm direction.
F9xZ3xPABV,F9,Z3,demand,POCKET_ABOVE,BELOW_UP,NEAR_ABOVE_DEMAND_UP,WATCH,WAIT,BUY,SETUP FORMING - Fib: price is below the pocket but rising toward it. ZOI: price bounced 1-10% above a demand zone with momentum. Geometry: the golden pocket sits ABOVE the zone (the zone is a deeper support/backstop below). The zone supports a long but the fib leg is not confirmed yet; wait for HH-HL before entering.
F9xZ4xPABV,F9,Z4,demand,POCKET_ABOVE,BELOW_UP,NEAR_ABOVE_DEMAND_DOWN,WAIT,WAIT,WATCH,NOT ACTIONABLE YET - Fib: price is below the pocket but rising toward it. ZOI: price is 1-10% above a demand zone but with no HH-HL. Geometry: the golden pocket sits ABOVE the zone (the zone is a deeper support/backstop below). No confirmed signal; wait for price to reach a zone or confirm direction.
F9xZ5xPABV,F9,Z5,demand,POCKET_ABOVE,BELOW_UP,FAR_ABOVE_DEMAND,WAIT,WAIT,WAIT,NOT ACTIONABLE YET - Fib: price is below the pocket but rising toward it. ZOI: price is >10% above the nearest demand zone (extended). Geometry: the golden pocket sits ABOVE the zone (the zone is a deeper support/backstop below). No confirmed signal; wait for price to reach a zone or confirm direction.
F9xZ5cxOVL,F9,Z5c,demand,OVERLAP,BELOW_UP,RECOVERY_INSIDE_DEMAND,WATCH,WAIT,BUY,SETUP FORMING - Fib: price is below the pocket but rising toward it. ZOI: price recovered from below back into a demand zone (level reclaimed). Geometry: the golden pocket and the zone occupy the SAME price band (true confluence at one level). The zone supports a long but the fib leg is not confirmed yet; wait for HH-HL before entering.
F9xZ5cxPABV,F9,Z5c,demand,POCKET_ABOVE,BELOW_UP,RECOVERY_INSIDE_DEMAND,WATCH,WAIT,BUY,SETUP FORMING - Fib: price is below the pocket but rising toward it. ZOI: price recovered from below back into a demand zone (level reclaimed). Geometry: the golden pocket sits ABOVE the zone (the zone is a deeper support/backstop below). The zone supports a long but the fib leg is not confirmed yet; wait for HH-HL before entering.
F9xZ5dxPABV,F9,Z5d,demand,POCKET_ABOVE,BELOW_UP,RECOVERY_ABOVE_DEMAND,WATCH,WAIT,BUY,SETUP FORMING - Fib: price is below the pocket but rising toward it. ZOI: price recovered through a demand zone and is 1-10% above it. Geometry: the golden pocket sits ABOVE the zone (the zone is a deeper support/backstop below). The zone supports a long but the fib leg is not confirmed yet; wait for HH-HL before entering.
F9xZ6xOVL,F9,Z6,demand,OVERLAP,BELOW_UP,BELOW_DEMAND,AVOID,WAIT,AVOID,DANGEROUS - Fib: price is below the pocket but rising toward it. ZOI: price closed below the demand zone (support invalidated). Geometry: the golden pocket and the zone occupy the SAME price band (true confluence at one level). High risk of loss - do not enter here.
F9xZ6xPABV,F9,Z6,demand,POCKET_ABOVE,BELOW_UP,BELOW_DEMAND,AVOID,WAIT,AVOID,DANGEROUS - Fib: price is below the pocket but rising toward it. ZOI: price closed below the demand zone (support invalidated). Geometry: the golden pocket sits ABOVE the zone (the zone is a deeper support/backstop below). High risk of loss - do not enter here.
F9xZ6xPBLW,F9,Z6,demand,POCKET_BELOW,BELOW_UP,BELOW_DEMAND,AVOID,WAIT,AVOID,DANGEROUS - Fib: price is below the pocket but rising toward it. ZOI: price closed below the demand zone (support invalidated). Geometry: the golden pocket sits BELOW the zone (the zone is the nearer level; the pocket is a deeper/secondary level). High risk of loss - do not enter here.
F9xZ13xOVL,F9,Z13,demand,OVERLAP,BELOW_UP,STACKED_DEMAND,WATCH,WAIT,BUY,SETUP FORMING - Fib: price is below the pocket but rising toward it. ZOI: 2+ demand zones overlap here (multi-zone confluence). Geometry: the golden pocket and the zone occupy the SAME price band (true confluence at one level). The zone supports a long but the fib leg is not confirmed yet; wait for HH-HL before entering.
F9xZ13xPABV,F9,Z13,demand,POCKET_ABOVE,BELOW_UP,STACKED_DEMAND,WATCH,WAIT,BUY,SETUP FORMING - Fib: price is below the pocket but rising toward it. ZOI: 2+ demand zones overlap here (multi-zone confluence). Geometry: the golden pocket sits ABOVE the zone (the zone is a deeper support/backstop below). The zone supports a long but the fib leg is not confirmed yet; wait for HH-HL before entering.
F9xZ7xOVL,F9,Z7,supply,OVERLAP,BELOW_UP,INSIDE_SUPPLY,AVOID,WAIT,AVOID,DANGEROUS - Fib: price is below the pocket but rising toward it. ZOI: price is inside a supply zone (active institutional selling). Geometry: the golden pocket and the zone occupy the SAME price band (true confluence at one level). High risk of loss - do not enter here.
F9xZ7xPABV,F9,Z7,supply,POCKET_ABOVE,BELOW_UP,INSIDE_SUPPLY,WAIT,WAIT,AVOID,NOT ACTIONABLE YET - Fib: price is below the pocket but rising toward it. ZOI: price is inside a supply zone (active institutional selling). Geometry: the golden pocket sits ABOVE the zone (the zone is a deeper support/backstop below). No confirmed signal; wait for price to reach a zone or confirm direction.
F9xZ8xOVL,F9,Z8,supply,OVERLAP,BELOW_UP,NEAR_BELOW_SUPPLY,AVOID,WAIT,AVOID,DANGEROUS - Fib: price is below the pocket but rising toward it. ZOI: price is 1-10% below a supply zone (resistance overhead). Geometry: the golden pocket and the zone occupy the SAME price band (true confluence at one level). High risk of loss - do not enter here.
F9xZ8xPABV,F9,Z8,supply,POCKET_ABOVE,BELOW_UP,NEAR_BELOW_SUPPLY,WAIT,WAIT,AVOID,NOT ACTIONABLE YET - Fib: price is below the pocket but rising toward it. ZOI: price is 1-10% below a supply zone (resistance overhead). Geometry: the golden pocket sits ABOVE the zone (the zone is a deeper support/backstop below). No confirmed signal; wait for price to reach a zone or confirm direction.
F9xZ8xPBLW,F9,Z8,supply,POCKET_BELOW,BELOW_UP,NEAR_BELOW_SUPPLY,WAIT,WAIT,AVOID,NOT ACTIONABLE YET - Fib: price is below the pocket but rising toward it. ZOI: price is 1-10% below a supply zone (resistance overhead). Geometry: the golden pocket sits BELOW the zone (the zone is the nearer level; the pocket is a deeper/secondary level). No confirmed signal; wait for price to reach a zone or confirm direction.
F9xZ9xOVL,F9,Z9,supply,OVERLAP,BELOW_UP,FAR_BELOW_SUPPLY,WAIT,WAIT,WAIT,NOT ACTIONABLE YET - Fib: price is below the pocket but rising toward it. ZOI: the nearest supply zone is >10% overhead (not a factor). Geometry: the golden pocket and the zone occupy the SAME price band (true confluence at one level). No confirmed signal; wait for price to reach a zone or confirm direction.
F9xZ9xPABV,F9,Z9,supply,POCKET_ABOVE,BELOW_UP,FAR_BELOW_SUPPLY,WAIT,WAIT,WAIT,NOT ACTIONABLE YET - Fib: price is below the pocket but rising toward it. ZOI: the nearest supply zone is >10% overhead (not a factor). Geometry: the golden pocket sits ABOVE the zone (the zone is a deeper support/backstop below). No confirmed signal; wait for price to reach a zone or confirm direction.
F9xZ9xPBLW,F9,Z9,supply,POCKET_BELOW,BELOW_UP,FAR_BELOW_SUPPLY,WAIT,WAIT,WAIT,NOT ACTIONABLE YET - Fib: price is below the pocket but rising toward it. ZOI: the nearest supply zone is >10% overhead (not a factor). Geometry: the golden pocket sits BELOW the zone (the zone is the nearer level; the pocket is a deeper/secondary level). No confirmed signal; wait for price to reach a zone or confirm direction.
F9xZ10xPABV,F9,Z10,supply,POCKET_ABOVE,BELOW_UP,ABOVE_SUPPLY_UP,WATCH,WAIT,BUY,"SETUP FORMING - Fib: price is below the pocket but rising toward it. ZOI: price broke above a supply zone and is rising (breakout, old resistance now support). Geometry: the golden pocket sits ABOVE the zone (the zone is a deeper support/backstop below). The zone supports a long but the fib leg is not confirmed yet; wait for HH-HL before entering."
F9xZ11xPABV,F9,Z11,supply,POCKET_ABOVE,BELOW_UP,ABOVE_SUPPLY_DOWN,WAIT,WAIT,AVOID,NOT ACTIONABLE YET - Fib: price is below the pocket but rising toward it. ZOI: price broke above supply but is falling back (failed breakout / bull trap). Geometry: the golden pocket sits ABOVE the zone (the zone is a deeper support/backstop below). No confirmed signal; wait for price to reach a zone or confirm direction.
F9xZ11bxPABV,F9,Z11b,supply,POCKET_ABOVE,BELOW_UP,ABOVE_SUPPLY_EXTENDED,WAIT,WAIT,WAIT,NOT ACTIONABLE YET - Fib: price is below the pocket but rising toward it. ZOI: price ran >5% past the broken supply zone (extended). Geometry: the golden pocket sits ABOVE the zone (the zone is a deeper support/backstop below). No confirmed signal; wait for price to reach a zone or confirm direction.
F9xZ12xNA,F9,Z12,none,N/A,BELOW_UP,BETWEEN,WAIT,WAIT,WAIT,"NOT ACTIONABLE YET - Fib: price is below the pocket but rising toward it. ZOI: price is between zones (no demand or supply nearby). Geometry: price is between zones, so there is no zone band to align with the pocket. No confirmed signal; wait for price to reach a zone or confirm direction."
F10xZ1xOVL,F10,Z1,demand,OVERLAP,AT_LOW_UP,INSIDE_DEMAND_UP,WATCH,WAIT,BUY,SETUP FORMING - Fib: price is at the swing low and starting to recover. ZOI: price is inside a demand zone and rising (institutional support confirmed). Geometry: the golden pocket and the zone occupy the SAME price band (true confluence at one level). The zone supports a long but the fib leg is not confirmed yet; wait for HH-HL before entering.
F10xZ1xPABV,F10,Z1,demand,POCKET_ABOVE,AT_LOW_UP,INSIDE_DEMAND_UP,WATCH,WAIT,BUY,SETUP FORMING - Fib: price is at the swing low and starting to recover. ZOI: price is inside a demand zone and rising (institutional support confirmed). Geometry: the golden pocket sits ABOVE the zone (the zone is a deeper support/backstop below). The zone supports a long but the fib leg is not confirmed yet; wait for HH-HL before entering.
F10xZ2xOVL,F10,Z2,demand,OVERLAP,AT_LOW_UP,INSIDE_DEMAND_DOWN,WAIT,WAIT,AVOID,NOT ACTIONABLE YET - Fib: price is at the swing low and starting to recover. ZOI: price is inside a demand zone but falling (zone breaking down). Geometry: the golden pocket and the zone occupy the SAME price band (true confluence at one level). No confirmed signal; wait for price to reach a zone or confirm direction.
F10xZ2xPABV,F10,Z2,demand,POCKET_ABOVE,AT_LOW_UP,INSIDE_DEMAND_DOWN,WAIT,WAIT,AVOID,NOT ACTIONABLE YET - Fib: price is at the swing low and starting to recover. ZOI: price is inside a demand zone but falling (zone breaking down). Geometry: the golden pocket sits ABOVE the zone (the zone is a deeper support/backstop below). No confirmed signal; wait for price to reach a zone or confirm direction.
F10xZ3xPABV,F10,Z3,demand,POCKET_ABOVE,AT_LOW_UP,NEAR_ABOVE_DEMAND_UP,WATCH,WAIT,BUY,SETUP FORMING - Fib: price is at the swing low and starting to recover. ZOI: price bounced 1-10% above a demand zone with momentum. Geometry: the golden pocket sits ABOVE the zone (the zone is a deeper support/backstop below). The zone supports a long but the fib leg is not confirmed yet; wait for HH-HL before entering.
F10xZ4xPABV,F10,Z4,demand,POCKET_ABOVE,AT_LOW_UP,NEAR_ABOVE_DEMAND_DOWN,WAIT,WAIT,WATCH,NOT ACTIONABLE YET - Fib: price is at the swing low and starting to recover. ZOI: price is 1-10% above a demand zone but with no HH-HL. Geometry: the golden pocket sits ABOVE the zone (the zone is a deeper support/backstop below). No confirmed signal; wait for price to reach a zone or confirm direction.
F10xZ5xPABV,F10,Z5,demand,POCKET_ABOVE,AT_LOW_UP,FAR_ABOVE_DEMAND,WAIT,WAIT,WAIT,NOT ACTIONABLE YET - Fib: price is at the swing low and starting to recover. ZOI: price is >10% above the nearest demand zone (extended). Geometry: the golden pocket sits ABOVE the zone (the zone is a deeper support/backstop below). No confirmed signal; wait for price to reach a zone or confirm direction.
F10xZ5cxOVL,F10,Z5c,demand,OVERLAP,AT_LOW_UP,RECOVERY_INSIDE_DEMAND,WATCH,WAIT,BUY,SETUP FORMING - Fib: price is at the swing low and starting to recover. ZOI: price recovered from below back into a demand zone (level reclaimed). Geometry: the golden pocket and the zone occupy the SAME price band (true confluence at one level). The zone supports a long but the fib leg is not confirmed yet; wait for HH-HL before entering.
F10xZ5cxPABV,F10,Z5c,demand,POCKET_ABOVE,AT_LOW_UP,RECOVERY_INSIDE_DEMAND,WATCH,WAIT,BUY,SETUP FORMING - Fib: price is at the swing low and starting to recover. ZOI: price recovered from below back into a demand zone (level reclaimed). Geometry: the golden pocket sits ABOVE the zone (the zone is a deeper support/backstop below). The zone supports a long but the fib leg is not confirmed yet; wait for HH-HL before entering.
F10xZ5dxPABV,F10,Z5d,demand,POCKET_ABOVE,AT_LOW_UP,RECOVERY_ABOVE_DEMAND,WATCH,WAIT,BUY,SETUP FORMING - Fib: price is at the swing low and starting to recover. ZOI: price recovered through a demand zone and is 1-10% above it. Geometry: the golden pocket sits ABOVE the zone (the zone is a deeper support/backstop below). The zone supports a long but the fib leg is not confirmed yet; wait for HH-HL before entering.
F10xZ6xOVL,F10,Z6,demand,OVERLAP,AT_LOW_UP,BELOW_DEMAND,AVOID,WAIT,AVOID,DANGEROUS - Fib: price is at the swing low and starting to recover. ZOI: price closed below the demand zone (support invalidated). Geometry: the golden pocket and the zone occupy the SAME price band (true confluence at one level). High risk of loss - do not enter here.
F10xZ6xPABV,F10,Z6,demand,POCKET_ABOVE,AT_LOW_UP,BELOW_DEMAND,AVOID,WAIT,AVOID,DANGEROUS - Fib: price is at the swing low and starting to recover. ZOI: price closed below the demand zone (support invalidated). Geometry: the golden pocket sits ABOVE the zone (the zone is a deeper support/backstop below). High risk of loss - do not enter here.
F10xZ6xPBLW,F10,Z6,demand,POCKET_BELOW,AT_LOW_UP,BELOW_DEMAND,AVOID,WAIT,AVOID,DANGEROUS - Fib: price is at the swing low and starting to recover. ZOI: price closed below the demand zone (support invalidated). Geometry: the golden pocket sits BELOW the zone (the zone is the nearer level; the pocket is a deeper/secondary level). High risk of loss - do not enter here.
F10xZ13xOVL,F10,Z13,demand,OVERLAP,AT_LOW_UP,STACKED_DEMAND,WATCH,WAIT,BUY,SETUP FORMING - Fib: price is at the swing low and starting to recover. ZOI: 2+ demand zones overlap here (multi-zone confluence). Geometry: the golden pocket and the zone occupy the SAME price band (true confluence at one level). The zone supports a long but the fib leg is not confirmed yet; wait for HH-HL before entering.
F10xZ13xPABV,F10,Z13,demand,POCKET_ABOVE,AT_LOW_UP,STACKED_DEMAND,WATCH,WAIT,BUY,SETUP FORMING - Fib: price is at the swing low and starting to recover. ZOI: 2+ demand zones overlap here (multi-zone confluence). Geometry: the golden pocket sits ABOVE the zone (the zone is a deeper support/backstop below). The zone supports a long but the fib leg is not confirmed yet; wait for HH-HL before entering.
F10xZ7xOVL,F10,Z7,supply,OVERLAP,AT_LOW_UP,INSIDE_SUPPLY,AVOID,WAIT,AVOID,DANGEROUS - Fib: price is at the swing low and starting to recover. ZOI: price is inside a supply zone (active institutional selling). Geometry: the golden pocket and the zone occupy the SAME price band (true confluence at one level). High risk of loss - do not enter here.
F10xZ7xPABV,F10,Z7,supply,POCKET_ABOVE,AT_LOW_UP,INSIDE_SUPPLY,WAIT,WAIT,AVOID,NOT ACTIONABLE YET - Fib: price is at the swing low and starting to recover. ZOI: price is inside a supply zone (active institutional selling). Geometry: the golden pocket sits ABOVE the zone (the zone is a deeper support/backstop below). No confirmed signal; wait for price to reach a zone or confirm direction.
F10xZ8xOVL,F10,Z8,supply,OVERLAP,AT_LOW_UP,NEAR_BELOW_SUPPLY,AVOID,WAIT,AVOID,DANGEROUS - Fib: price is at the swing low and starting to recover. ZOI: price is 1-10% below a supply zone (resistance overhead). Geometry: the golden pocket and the zone occupy the SAME price band (true confluence at one level). High risk of loss - do not enter here.
F10xZ8xPABV,F10,Z8,supply,POCKET_ABOVE,AT_LOW_UP,NEAR_BELOW_SUPPLY,WAIT,WAIT,AVOID,NOT ACTIONABLE YET - Fib: price is at the swing low and starting to recover. ZOI: price is 1-10% below a supply zone (resistance overhead). Geometry: the golden pocket sits ABOVE the zone (the zone is a deeper support/backstop below). No confirmed signal; wait for price to reach a zone or confirm direction.
F10xZ8xPBLW,F10,Z8,supply,POCKET_BELOW,AT_LOW_UP,NEAR_BELOW_SUPPLY,WAIT,WAIT,AVOID,NOT ACTIONABLE YET - Fib: price is at the swing low and starting to recover. ZOI: price is 1-10% below a supply zone (resistance overhead). Geometry: the golden pocket sits BELOW the zone (the zone is the nearer level; the pocket is a deeper/secondary level). No confirmed signal; wait for price to reach a zone or confirm direction.
F10xZ9xOVL,F10,Z9,supply,OVERLAP,AT_LOW_UP,FAR_BELOW_SUPPLY,WAIT,WAIT,WAIT,NOT ACTIONABLE YET - Fib: price is at the swing low and starting to recover. ZOI: the nearest supply zone is >10% overhead (not a factor). Geometry: the golden pocket and the zone occupy the SAME price band (true confluence at one level). No confirmed signal; wait for price to reach a zone or confirm direction.
F10xZ9xPABV,F10,Z9,supply,POCKET_ABOVE,AT_LOW_UP,FAR_BELOW_SUPPLY,WAIT,WAIT,WAIT,NOT ACTIONABLE YET - Fib: price is at the swing low and starting to recover. ZOI: the nearest supply zone is >10% overhead (not a factor). Geometry: the golden pocket sits ABOVE the zone (the zone is a deeper support/backstop below). No confirmed signal; wait for price to reach a zone or confirm direction.
F10xZ9xPBLW,F10,Z9,supply,POCKET_BELOW,AT_LOW_UP,FAR_BELOW_SUPPLY,WAIT,WAIT,WAIT,NOT ACTIONABLE YET - Fib: price is at the swing low and starting to recover. ZOI: the nearest supply zone is >10% overhead (not a factor). Geometry: the golden pocket sits BELOW the zone (the zone is the nearer level; the pocket is a deeper/secondary level). No confirmed signal; wait for price to reach a zone or confirm direction.
F10xZ10xPABV,F10,Z10,supply,POCKET_ABOVE,AT_LOW_UP,ABOVE_SUPPLY_UP,WATCH,WAIT,BUY,"SETUP FORMING - Fib: price is at the swing low and starting to recover. ZOI: price broke above a supply zone and is rising (breakout, old resistance now support). Geometry: the golden pocket sits ABOVE the zone (the zone is a deeper support/backstop below). The zone supports a long but the fib leg is not confirmed yet; wait for HH-HL before entering."
F10xZ11xPABV,F10,Z11,supply,POCKET_ABOVE,AT_LOW_UP,ABOVE_SUPPLY_DOWN,WAIT,WAIT,AVOID,NOT ACTIONABLE YET - Fib: price is at the swing low and starting to recover. ZOI: price broke above supply but is falling back (failed breakout / bull trap). Geometry: the golden pocket sits ABOVE the zone (the zone is a deeper support/backstop below). No confirmed signal; wait for price to reach a zone or confirm direction.
F10xZ11bxPABV,F10,Z11b,supply,POCKET_ABOVE,AT_LOW_UP,ABOVE_SUPPLY_EXTENDED,WAIT,WAIT,WAIT,NOT ACTIONABLE YET - Fib: price is at the swing low and starting to recover. ZOI: price ran >5% past the broken supply zone (extended). Geometry: the golden pocket sits ABOVE the zone (the zone is a deeper support/backstop below). No confirmed signal; wait for price to reach a zone or confirm direction.
F10xZ12xNA,F10,Z12,none,N/A,AT_LOW_UP,BETWEEN,WAIT,WAIT,WAIT,"NOT ACTIONABLE YET - Fib: price is at the swing low and starting to recover. ZOI: price is between zones (no demand or supply nearby). Geometry: price is between zones, so there is no zone band to align with the pocket. No confirmed signal; wait for price to reach a zone or confirm direction."
F11xZ1xOVL,F11,Z1,demand,OVERLAP,AT_LOW_DOWN,INSIDE_DEMAND_UP,WATCH,WAIT,BUY,SETUP FORMING - Fib: price is at the swing low and still falling. ZOI: price is inside a demand zone and rising (institutional support confirmed). Geometry: the golden pocket and the zone occupy the SAME price band (true confluence at one level). The zone supports a long but the fib leg is not confirmed yet; wait for HH-HL before entering.
F11xZ1xPABV,F11,Z1,demand,POCKET_ABOVE,AT_LOW_DOWN,INSIDE_DEMAND_UP,WATCH,WAIT,BUY,SETUP FORMING - Fib: price is at the swing low and still falling. ZOI: price is inside a demand zone and rising (institutional support confirmed). Geometry: the golden pocket sits ABOVE the zone (the zone is a deeper support/backstop below). The zone supports a long but the fib leg is not confirmed yet; wait for HH-HL before entering.
F11xZ2xOVL,F11,Z2,demand,OVERLAP,AT_LOW_DOWN,INSIDE_DEMAND_DOWN,AVOID,WAIT,AVOID,DANGEROUS - Fib: price is at the swing low and still falling. ZOI: price is inside a demand zone but falling (zone breaking down). Geometry: the golden pocket and the zone occupy the SAME price band (true confluence at one level). High risk of loss - do not enter here.
F11xZ2xPABV,F11,Z2,demand,POCKET_ABOVE,AT_LOW_DOWN,INSIDE_DEMAND_DOWN,AVOID,WAIT,AVOID,DANGEROUS - Fib: price is at the swing low and still falling. ZOI: price is inside a demand zone but falling (zone breaking down). Geometry: the golden pocket sits ABOVE the zone (the zone is a deeper support/backstop below). High risk of loss - do not enter here.
F11xZ3xPABV,F11,Z3,demand,POCKET_ABOVE,AT_LOW_DOWN,NEAR_ABOVE_DEMAND_UP,WATCH,WAIT,BUY,SETUP FORMING - Fib: price is at the swing low and still falling. ZOI: price bounced 1-10% above a demand zone with momentum. Geometry: the golden pocket sits ABOVE the zone (the zone is a deeper support/backstop below). The zone supports a long but the fib leg is not confirmed yet; wait for HH-HL before entering.
F11xZ4xPABV,F11,Z4,demand,POCKET_ABOVE,AT_LOW_DOWN,NEAR_ABOVE_DEMAND_DOWN,WAIT,WAIT,WATCH,NOT ACTIONABLE YET - Fib: price is at the swing low and still falling. ZOI: price is 1-10% above a demand zone but with no HH-HL. Geometry: the golden pocket sits ABOVE the zone (the zone is a deeper support/backstop below). No confirmed signal; wait for price to reach a zone or confirm direction.
F11xZ5xPABV,F11,Z5,demand,POCKET_ABOVE,AT_LOW_DOWN,FAR_ABOVE_DEMAND,WAIT,WAIT,WAIT,NOT ACTIONABLE YET - Fib: price is at the swing low and still falling. ZOI: price is >10% above the nearest demand zone (extended). Geometry: the golden pocket sits ABOVE the zone (the zone is a deeper support/backstop below). No confirmed signal; wait for price to reach a zone or confirm direction.
F11xZ5cxOVL,F11,Z5c,demand,OVERLAP,AT_LOW_DOWN,RECOVERY_INSIDE_DEMAND,WATCH,WAIT,BUY,SETUP FORMING - Fib: price is at the swing low and still falling. ZOI: price recovered from below back into a demand zone (level reclaimed). Geometry: the golden pocket and the zone occupy the SAME price band (true confluence at one level). The zone supports a long but the fib leg is not confirmed yet; wait for HH-HL before entering.
F11xZ5cxPABV,F11,Z5c,demand,POCKET_ABOVE,AT_LOW_DOWN,RECOVERY_INSIDE_DEMAND,WATCH,WAIT,BUY,SETUP FORMING - Fib: price is at the swing low and still falling. ZOI: price recovered from below back into a demand zone (level reclaimed). Geometry: the golden pocket sits ABOVE the zone (the zone is a deeper support/backstop below). The zone supports a long but the fib leg is not confirmed yet; wait for HH-HL before entering.
F11xZ5dxPABV,F11,Z5d,demand,POCKET_ABOVE,AT_LOW_DOWN,RECOVERY_ABOVE_DEMAND,WATCH,WAIT,BUY,SETUP FORMING - Fib: price is at the swing low and still falling. ZOI: price recovered through a demand zone and is 1-10% above it. Geometry: the golden pocket sits ABOVE the zone (the zone is a deeper support/backstop below). The zone supports a long but the fib leg is not confirmed yet; wait for HH-HL before entering.
F11xZ6xOVL,F11,Z6,demand,OVERLAP,AT_LOW_DOWN,BELOW_DEMAND,AVOID,WAIT,AVOID,DANGEROUS - Fib: price is at the swing low and still falling. ZOI: price closed below the demand zone (support invalidated). Geometry: the golden pocket and the zone occupy the SAME price band (true confluence at one level). High risk of loss - do not enter here.
F11xZ6xPABV,F11,Z6,demand,POCKET_ABOVE,AT_LOW_DOWN,BELOW_DEMAND,AVOID,WAIT,AVOID,DANGEROUS - Fib: price is at the swing low and still falling. ZOI: price closed below the demand zone (support invalidated). Geometry: the golden pocket sits ABOVE the zone (the zone is a deeper support/backstop below). High risk of loss - do not enter here.
F11xZ6xPBLW,F11,Z6,demand,POCKET_BELOW,AT_LOW_DOWN,BELOW_DEMAND,AVOID,WAIT,AVOID,DANGEROUS - Fib: price is at the swing low and still falling. ZOI: price closed below the demand zone (support invalidated). Geometry: the golden pocket sits BELOW the zone (the zone is the nearer level; the pocket is a deeper/secondary level). High risk of loss - do not enter here.
F11xZ13xOVL,F11,Z13,demand,OVERLAP,AT_LOW_DOWN,STACKED_DEMAND,WATCH,WAIT,BUY,SETUP FORMING - Fib: price is at the swing low and still falling. ZOI: 2+ demand zones overlap here (multi-zone confluence). Geometry: the golden pocket and the zone occupy the SAME price band (true confluence at one level). The zone supports a long but the fib leg is not confirmed yet; wait for HH-HL before entering.
F11xZ13xPABV,F11,Z13,demand,POCKET_ABOVE,AT_LOW_DOWN,STACKED_DEMAND,WATCH,WAIT,BUY,SETUP FORMING - Fib: price is at the swing low and still falling. ZOI: 2+ demand zones overlap here (multi-zone confluence). Geometry: the golden pocket sits ABOVE the zone (the zone is a deeper support/backstop below). The zone supports a long but the fib leg is not confirmed yet; wait for HH-HL before entering.
F11xZ7xOVL,F11,Z7,supply,OVERLAP,AT_LOW_DOWN,INSIDE_SUPPLY,AVOID,WAIT,AVOID,DANGEROUS - Fib: price is at the swing low and still falling. ZOI: price is inside a supply zone (active institutional selling). Geometry: the golden pocket and the zone occupy the SAME price band (true confluence at one level). High risk of loss - do not enter here.
F11xZ7xPABV,F11,Z7,supply,POCKET_ABOVE,AT_LOW_DOWN,INSIDE_SUPPLY,AVOID,WAIT,AVOID,DANGEROUS - Fib: price is at the swing low and still falling. ZOI: price is inside a supply zone (active institutional selling). Geometry: the golden pocket sits ABOVE the zone (the zone is a deeper support/backstop below). High risk of loss - do not enter here.
F11xZ8xOVL,F11,Z8,supply,OVERLAP,AT_LOW_DOWN,NEAR_BELOW_SUPPLY,AVOID,WAIT,AVOID,DANGEROUS - Fib: price is at the swing low and still falling. ZOI: price is 1-10% below a supply zone (resistance overhead). Geometry: the golden pocket and the zone occupy the SAME price band (true confluence at one level). High risk of loss - do not enter here.
F11xZ8xPABV,F11,Z8,supply,POCKET_ABOVE,AT_LOW_DOWN,NEAR_BELOW_SUPPLY,AVOID,WAIT,AVOID,DANGEROUS - Fib: price is at the swing low and still falling. ZOI: price is 1-10% below a supply zone (resistance overhead). Geometry: the golden pocket sits ABOVE the zone (the zone is a deeper support/backstop below). High risk of loss - do not enter here.
F11xZ8xPBLW,F11,Z8,supply,POCKET_BELOW,AT_LOW_DOWN,NEAR_BELOW_SUPPLY,AVOID,WAIT,AVOID,DANGEROUS - Fib: price is at the swing low and still falling. ZOI: price is 1-10% below a supply zone (resistance overhead). Geometry: the golden pocket sits BELOW the zone (the zone is the nearer level; the pocket is a deeper/secondary level). High risk of loss - do not enter here.
F11xZ9xOVL,F11,Z9,supply,OVERLAP,AT_LOW_DOWN,FAR_BELOW_SUPPLY,WAIT,WAIT,WAIT,NOT ACTIONABLE YET - Fib: price is at the swing low and still falling. ZOI: the nearest supply zone is >10% overhead (not a factor). Geometry: the golden pocket and the zone occupy the SAME price band (true confluence at one level). No confirmed signal; wait for price to reach a zone or confirm direction.
F11xZ9xPABV,F11,Z9,supply,POCKET_ABOVE,AT_LOW_DOWN,FAR_BELOW_SUPPLY,WAIT,WAIT,WAIT,NOT ACTIONABLE YET - Fib: price is at the swing low and still falling. ZOI: the nearest supply zone is >10% overhead (not a factor). Geometry: the golden pocket sits ABOVE the zone (the zone is a deeper support/backstop below). No confirmed signal; wait for price to reach a zone or confirm direction.
F11xZ9xPBLW,F11,Z9,supply,POCKET_BELOW,AT_LOW_DOWN,FAR_BELOW_SUPPLY,WAIT,WAIT,WAIT,NOT ACTIONABLE YET - Fib: price is at the swing low and still falling. ZOI: the nearest supply zone is >10% overhead (not a factor). Geometry: the golden pocket sits BELOW the zone (the zone is the nearer level; the pocket is a deeper/secondary level). No confirmed signal; wait for price to reach a zone or confirm direction.
F11xZ10xPABV,F11,Z10,supply,POCKET_ABOVE,AT_LOW_DOWN,ABOVE_SUPPLY_UP,WATCH,WAIT,BUY,"SETUP FORMING - Fib: price is at the swing low and still falling. ZOI: price broke above a supply zone and is rising (breakout, old resistance now support). Geometry: the golden pocket sits ABOVE the zone (the zone is a deeper support/backstop below). The zone supports a long but the fib leg is not confirmed yet; wait for HH-HL before entering."
F11xZ11xPABV,F11,Z11,supply,POCKET_ABOVE,AT_LOW_DOWN,ABOVE_SUPPLY_DOWN,AVOID,WAIT,AVOID,DANGEROUS - Fib: price is at the swing low and still falling. ZOI: price broke above supply but is falling back (failed breakout / bull trap). Geometry: the golden pocket sits ABOVE the zone (the zone is a deeper support/backstop below). High risk of loss - do not enter here.
F11xZ11bxPABV,F11,Z11b,supply,POCKET_ABOVE,AT_LOW_DOWN,ABOVE_SUPPLY_EXTENDED,WAIT,WAIT,WAIT,NOT ACTIONABLE YET - Fib: price is at the swing low and still falling. ZOI: price ran >5% past the broken supply zone (extended). Geometry: the golden pocket sits ABOVE the zone (the zone is a deeper support/backstop below). No confirmed signal; wait for price to reach a zone or confirm direction.
F11xZ12xNA,F11,Z12,none,N/A,AT_LOW_DOWN,BETWEEN,WAIT,WAIT,WAIT,"NOT ACTIONABLE YET - Fib: price is at the swing low and still falling. ZOI: price is between zones (no demand or supply nearby). Geometry: price is between zones, so there is no zone band to align with the pocket. No confirmed signal; wait for price to reach a zone or confirm direction."
F12xZ1xOVL,F12,Z1,demand,OVERLAP,AT_HIGH,INSIDE_DEMAND_UP,AVOID,AVOID,BUY,"DANGEROUS - Fib: price is at the swing high (0% retracement, no upside left). ZOI: price is inside a demand zone and rising (institutional support confirmed). Geometry: the golden pocket and the zone occupy the SAME price band (true confluence at one level). High risk of loss - do not enter here."
F12xZ1xPBLW,F12,Z1,demand,POCKET_BELOW,AT_HIGH,INSIDE_DEMAND_UP,AVOID,AVOID,BUY,"DANGEROUS - Fib: price is at the swing high (0% retracement, no upside left). ZOI: price is inside a demand zone and rising (institutional support confirmed). Geometry: the golden pocket sits BELOW the zone (the zone is the nearer level; the pocket is a deeper/secondary level). High risk of loss - do not enter here."
F12xZ2xOVL,F12,Z2,demand,OVERLAP,AT_HIGH,INSIDE_DEMAND_DOWN,AVOID,AVOID,AVOID,"DANGEROUS - Fib: price is at the swing high (0% retracement, no upside left). ZOI: price is inside a demand zone but falling (zone breaking down). Geometry: the golden pocket and the zone occupy the SAME price band (true confluence at one level). High risk of loss - do not enter here."
F12xZ2xPBLW,F12,Z2,demand,POCKET_BELOW,AT_HIGH,INSIDE_DEMAND_DOWN,AVOID,AVOID,AVOID,"DANGEROUS - Fib: price is at the swing high (0% retracement, no upside left). ZOI: price is inside a demand zone but falling (zone breaking down). Geometry: the golden pocket sits BELOW the zone (the zone is the nearer level; the pocket is a deeper/secondary level). High risk of loss - do not enter here."
F12xZ3xOVL,F12,Z3,demand,OVERLAP,AT_HIGH,NEAR_ABOVE_DEMAND_UP,AVOID,AVOID,BUY,"DANGEROUS - Fib: price is at the swing high (0% retracement, no upside left). ZOI: price bounced 1-10% above a demand zone with momentum. Geometry: the golden pocket and the zone occupy the SAME price band (true confluence at one level). High risk of loss - do not enter here."
F12xZ3xPABV,F12,Z3,demand,POCKET_ABOVE,AT_HIGH,NEAR_ABOVE_DEMAND_UP,AVOID,AVOID,BUY,"DANGEROUS - Fib: price is at the swing high (0% retracement, no upside left). ZOI: price bounced 1-10% above a demand zone with momentum. Geometry: the golden pocket sits ABOVE the zone (the zone is a deeper support/backstop below). High risk of loss - do not enter here."
F12xZ3xPBLW,F12,Z3,demand,POCKET_BELOW,AT_HIGH,NEAR_ABOVE_DEMAND_UP,AVOID,AVOID,BUY,"DANGEROUS - Fib: price is at the swing high (0% retracement, no upside left). ZOI: price bounced 1-10% above a demand zone with momentum. Geometry: the golden pocket sits BELOW the zone (the zone is the nearer level; the pocket is a deeper/secondary level). High risk of loss - do not enter here."
F12xZ4xOVL,F12,Z4,demand,OVERLAP,AT_HIGH,NEAR_ABOVE_DEMAND_DOWN,AVOID,AVOID,WATCH,"DANGEROUS - Fib: price is at the swing high (0% retracement, no upside left). ZOI: price is 1-10% above a demand zone but with no HH-HL. Geometry: the golden pocket and the zone occupy the SAME price band (true confluence at one level). High risk of loss - do not enter here."
F12xZ4xPABV,F12,Z4,demand,POCKET_ABOVE,AT_HIGH,NEAR_ABOVE_DEMAND_DOWN,AVOID,AVOID,WATCH,"DANGEROUS - Fib: price is at the swing high (0% retracement, no upside left). ZOI: price is 1-10% above a demand zone but with no HH-HL. Geometry: the golden pocket sits ABOVE the zone (the zone is a deeper support/backstop below). High risk of loss - do not enter here."
F12xZ4xPBLW,F12,Z4,demand,POCKET_BELOW,AT_HIGH,NEAR_ABOVE_DEMAND_DOWN,AVOID,AVOID,WATCH,"DANGEROUS - Fib: price is at the swing high (0% retracement, no upside left). ZOI: price is 1-10% above a demand zone but with no HH-HL. Geometry: the golden pocket sits BELOW the zone (the zone is the nearer level; the pocket is a deeper/secondary level). High risk of loss - do not enter here."
F12xZ5xOVL,F12,Z5,demand,OVERLAP,AT_HIGH,FAR_ABOVE_DEMAND,AVOID,AVOID,WAIT,"DANGEROUS - Fib: price is at the swing high (0% retracement, no upside left). ZOI: price is >10% above the nearest demand zone (extended). Geometry: the golden pocket and the zone occupy the SAME price band (true confluence at one level). High risk of loss - do not enter here."
F12xZ5xPABV,F12,Z5,demand,POCKET_ABOVE,AT_HIGH,FAR_ABOVE_DEMAND,AVOID,AVOID,WAIT,"DANGEROUS - Fib: price is at the swing high (0% retracement, no upside left). ZOI: price is >10% above the nearest demand zone (extended). Geometry: the golden pocket sits ABOVE the zone (the zone is a deeper support/backstop below). High risk of loss - do not enter here."
F12xZ5xPBLW,F12,Z5,demand,POCKET_BELOW,AT_HIGH,FAR_ABOVE_DEMAND,AVOID,AVOID,WAIT,"DANGEROUS - Fib: price is at the swing high (0% retracement, no upside left). ZOI: price is >10% above the nearest demand zone (extended). Geometry: the golden pocket sits BELOW the zone (the zone is the nearer level; the pocket is a deeper/secondary level). High risk of loss - do not enter here."
F12xZ5cxOVL,F12,Z5c,demand,OVERLAP,AT_HIGH,RECOVERY_INSIDE_DEMAND,AVOID,AVOID,BUY,"DANGEROUS - Fib: price is at the swing high (0% retracement, no upside left). ZOI: price recovered from below back into a demand zone (level reclaimed). Geometry: the golden pocket and the zone occupy the SAME price band (true confluence at one level). High risk of loss - do not enter here."
F12xZ5cxPBLW,F12,Z5c,demand,POCKET_BELOW,AT_HIGH,RECOVERY_INSIDE_DEMAND,AVOID,AVOID,BUY,"DANGEROUS - Fib: price is at the swing high (0% retracement, no upside left). ZOI: price recovered from below back into a demand zone (level reclaimed). Geometry: the golden pocket sits BELOW the zone (the zone is the nearer level; the pocket is a deeper/secondary level). High risk of loss - do not enter here."
F12xZ5dxOVL,F12,Z5d,demand,OVERLAP,AT_HIGH,RECOVERY_ABOVE_DEMAND,AVOID,AVOID,BUY,"DANGEROUS - Fib: price is at the swing high (0% retracement, no upside left). ZOI: price recovered through a demand zone and is 1-10% above it. Geometry: the golden pocket and the zone occupy the SAME price band (true confluence at one level). High risk of loss - do not enter here."
F12xZ5dxPABV,F12,Z5d,demand,POCKET_ABOVE,AT_HIGH,RECOVERY_ABOVE_DEMAND,AVOID,AVOID,BUY,"DANGEROUS - Fib: price is at the swing high (0% retracement, no upside left). ZOI: price recovered through a demand zone and is 1-10% above it. Geometry: the golden pocket sits ABOVE the zone (the zone is a deeper support/backstop below). High risk of loss - do not enter here."
F12xZ5dxPBLW,F12,Z5d,demand,POCKET_BELOW,AT_HIGH,RECOVERY_ABOVE_DEMAND,AVOID,AVOID,BUY,"DANGEROUS - Fib: price is at the swing high (0% retracement, no upside left). ZOI: price recovered through a demand zone and is 1-10% above it. Geometry: the golden pocket sits BELOW the zone (the zone is the nearer level; the pocket is a deeper/secondary level). High risk of loss - do not enter here."
F12xZ6xPBLW,F12,Z6,demand,POCKET_BELOW,AT_HIGH,BELOW_DEMAND,AVOID,AVOID,AVOID,"DANGEROUS - Fib: price is at the swing high (0% retracement, no upside left). ZOI: price closed below the demand zone (support invalidated). Geometry: the golden pocket sits BELOW the zone (the zone is the nearer level; the pocket is a deeper/secondary level). High risk of loss - do not enter here."
F12xZ13xOVL,F12,Z13,demand,OVERLAP,AT_HIGH,STACKED_DEMAND,AVOID,AVOID,BUY,"DANGEROUS - Fib: price is at the swing high (0% retracement, no upside left). ZOI: 2+ demand zones overlap here (multi-zone confluence). Geometry: the golden pocket and the zone occupy the SAME price band (true confluence at one level). High risk of loss - do not enter here."
F12xZ13xPBLW,F12,Z13,demand,POCKET_BELOW,AT_HIGH,STACKED_DEMAND,AVOID,AVOID,BUY,"DANGEROUS - Fib: price is at the swing high (0% retracement, no upside left). ZOI: 2+ demand zones overlap here (multi-zone confluence). Geometry: the golden pocket sits BELOW the zone (the zone is the nearer level; the pocket is a deeper/secondary level). High risk of loss - do not enter here."
F12xZ7xOVL,F12,Z7,supply,OVERLAP,AT_HIGH,INSIDE_SUPPLY,AVOID,AVOID,AVOID,"DANGEROUS - Fib: price is at the swing high (0% retracement, no upside left). ZOI: price is inside a supply zone (active institutional selling). Geometry: the golden pocket and the zone occupy the SAME price band (true confluence at one level). High risk of loss - do not enter here."
F12xZ7xPBLW,F12,Z7,supply,POCKET_BELOW,AT_HIGH,INSIDE_SUPPLY,AVOID,AVOID,AVOID,"DANGEROUS - Fib: price is at the swing high (0% retracement, no upside left). ZOI: price is inside a supply zone (active institutional selling). Geometry: the golden pocket sits BELOW the zone (the zone is the nearer level; the pocket is a deeper/secondary level). High risk of loss - do not enter here."
F12xZ8xPBLW,F12,Z8,supply,POCKET_BELOW,AT_HIGH,NEAR_BELOW_SUPPLY,AVOID,AVOID,AVOID,"DANGEROUS - Fib: price is at the swing high (0% retracement, no upside left). ZOI: price is 1-10% below a supply zone (resistance overhead). Geometry: the golden pocket sits BELOW the zone (the zone is the nearer level; the pocket is a deeper/secondary level). High risk of loss - do not enter here."
F12xZ9xPBLW,F12,Z9,supply,POCKET_BELOW,AT_HIGH,FAR_BELOW_SUPPLY,AVOID,AVOID,WAIT,"DANGEROUS - Fib: price is at the swing high (0% retracement, no upside left). ZOI: the nearest supply zone is >10% overhead (not a factor). Geometry: the golden pocket sits BELOW the zone (the zone is the nearer level; the pocket is a deeper/secondary level). High risk of loss - do not enter here."
F12xZ10xOVL,F12,Z10,supply,OVERLAP,AT_HIGH,ABOVE_SUPPLY_UP,AVOID,AVOID,BUY,"DANGEROUS - Fib: price is at the swing high (0% retracement, no upside left). ZOI: price broke above a supply zone and is rising (breakout, old resistance now support). Geometry: the golden pocket and the zone occupy the SAME price band (true confluence at one level). High risk of loss - do not enter here."
F12xZ10xPABV,F12,Z10,supply,POCKET_ABOVE,AT_HIGH,ABOVE_SUPPLY_UP,AVOID,AVOID,BUY,"DANGEROUS - Fib: price is at the swing high (0% retracement, no upside left). ZOI: price broke above a supply zone and is rising (breakout, old resistance now support). Geometry: the golden pocket sits ABOVE the zone (the zone is a deeper support/backstop below). High risk of loss - do not enter here."
F12xZ10xPBLW,F12,Z10,supply,POCKET_BELOW,AT_HIGH,ABOVE_SUPPLY_UP,AVOID,AVOID,BUY,"DANGEROUS - Fib: price is at the swing high (0% retracement, no upside left). ZOI: price broke above a supply zone and is rising (breakout, old resistance now support). Geometry: the golden pocket sits BELOW the zone (the zone is the nearer level; the pocket is a deeper/secondary level). High risk of loss - do not enter here."
F12xZ11xOVL,F12,Z11,supply,OVERLAP,AT_HIGH,ABOVE_SUPPLY_DOWN,AVOID,AVOID,AVOID,"DANGEROUS - Fib: price is at the swing high (0% retracement, no upside left). ZOI: price broke above supply but is falling back (failed breakout / bull trap). Geometry: the golden pocket and the zone occupy the SAME price band (true confluence at one level). High risk of loss - do not enter here."
F12xZ11xPABV,F12,Z11,supply,POCKET_ABOVE,AT_HIGH,ABOVE_SUPPLY_DOWN,AVOID,AVOID,AVOID,"DANGEROUS - Fib: price is at the swing high (0% retracement, no upside left). ZOI: price broke above supply but is falling back (failed breakout / bull trap). Geometry: the golden pocket sits ABOVE the zone (the zone is a deeper support/backstop below). High risk of loss - do not enter here."
F12xZ11xPBLW,F12,Z11,supply,POCKET_BELOW,AT_HIGH,ABOVE_SUPPLY_DOWN,AVOID,AVOID,AVOID,"DANGEROUS - Fib: price is at the swing high (0% retracement, no upside left). ZOI: price broke above supply but is falling back (failed breakout / bull trap). Geometry: the golden pocket sits BELOW the zone (the zone is the nearer level; the pocket is a deeper/secondary level). High risk of loss - do not enter here."
F12xZ11bxOVL,F12,Z11b,supply,OVERLAP,AT_HIGH,ABOVE_SUPPLY_EXTENDED,AVOID,AVOID,WAIT,"DANGEROUS - Fib: price is at the swing high (0% retracement, no upside left). ZOI: price ran >5% past the broken supply zone (extended). Geometry: the golden pocket and the zone occupy the SAME price band (true confluence at one level). High risk of loss - do not enter here."
F12xZ11bxPABV,F12,Z11b,supply,POCKET_ABOVE,AT_HIGH,ABOVE_SUPPLY_EXTENDED,AVOID,AVOID,WAIT,"DANGEROUS - Fib: price is at the swing high (0% retracement, no upside left). ZOI: price ran >5% past the broken supply zone (extended). Geometry: the golden pocket sits ABOVE the zone (the zone is a deeper support/backstop below). High risk of loss - do not enter here."
F12xZ11bxPBLW,F12,Z11b,supply,POCKET_BELOW,AT_HIGH,ABOVE_SUPPLY_EXTENDED,AVOID,AVOID,WAIT,"DANGEROUS - Fib: price is at the swing high (0% retracement, no upside left). ZOI: price ran >5% past the broken supply zone (extended). Geometry: the golden pocket sits BELOW the zone (the zone is the nearer level; the pocket is a deeper/secondary level). High risk of loss - do not enter here."
F12xZ12xNA,F12,Z12,none,N/A,AT_HIGH,BETWEEN,AVOID,AVOID,WAIT,"DANGEROUS - Fib: price is at the swing high (0% retracement, no upside left). ZOI: price is between zones (no demand or supply nearby). Geometry: price is between zones, so there is no zone band to align with the pocket. High risk of loss - do not enter here."
F13xZ1xOVL,F13,Z1,demand,OVERLAP,SHALLOW,INSIDE_DEMAND_UP,WATCH,SKIP,BUY,SETUP FORMING - Fib: price retraced only to the 23.6-38.2% zone (too shallow for a fib entry). ZOI: price is inside a demand zone and rising (institutional support confirmed). Geometry: the golden pocket and the zone occupy the SAME price band (true confluence at one level). The zone supports a long but the fib leg is not confirmed yet; wait for HH-HL before entering.
F13xZ1xPBLW,F13,Z1,demand,POCKET_BELOW,SHALLOW,INSIDE_DEMAND_UP,WATCH,SKIP,BUY,SETUP FORMING - Fib: price retraced only to the 23.6-38.2% zone (too shallow for a fib entry). ZOI: price is inside a demand zone and rising (institutional support confirmed). Geometry: the golden pocket sits BELOW the zone (the zone is the nearer level; the pocket is a deeper/secondary level). The zone supports a long but the fib leg is not confirmed yet; wait for HH-HL before entering.
F13xZ2xOVL,F13,Z2,demand,OVERLAP,SHALLOW,INSIDE_DEMAND_DOWN,AVOID,SKIP,AVOID,DANGEROUS - Fib: price retraced only to the 23.6-38.2% zone (too shallow for a fib entry). ZOI: price is inside a demand zone but falling (zone breaking down). Geometry: the golden pocket and the zone occupy the SAME price band (true confluence at one level). High risk of loss - do not enter here.
F13xZ2xPBLW,F13,Z2,demand,POCKET_BELOW,SHALLOW,INSIDE_DEMAND_DOWN,AVOID,SKIP,AVOID,DANGEROUS - Fib: price retraced only to the 23.6-38.2% zone (too shallow for a fib entry). ZOI: price is inside a demand zone but falling (zone breaking down). Geometry: the golden pocket sits BELOW the zone (the zone is the nearer level; the pocket is a deeper/secondary level). High risk of loss - do not enter here.
F13xZ3xOVL,F13,Z3,demand,OVERLAP,SHALLOW,NEAR_ABOVE_DEMAND_UP,WATCH,SKIP,BUY,SETUP FORMING - Fib: price retraced only to the 23.6-38.2% zone (too shallow for a fib entry). ZOI: price bounced 1-10% above a demand zone with momentum. Geometry: the golden pocket and the zone occupy the SAME price band (true confluence at one level). The zone supports a long but the fib leg is not confirmed yet; wait for HH-HL before entering.
F13xZ3xPABV,F13,Z3,demand,POCKET_ABOVE,SHALLOW,NEAR_ABOVE_DEMAND_UP,WATCH,SKIP,BUY,SETUP FORMING - Fib: price retraced only to the 23.6-38.2% zone (too shallow for a fib entry). ZOI: price bounced 1-10% above a demand zone with momentum. Geometry: the golden pocket sits ABOVE the zone (the zone is a deeper support/backstop below). The zone supports a long but the fib leg is not confirmed yet; wait for HH-HL before entering.
F13xZ3xPBLW,F13,Z3,demand,POCKET_BELOW,SHALLOW,NEAR_ABOVE_DEMAND_UP,WATCH,SKIP,BUY,SETUP FORMING - Fib: price retraced only to the 23.6-38.2% zone (too shallow for a fib entry). ZOI: price bounced 1-10% above a demand zone with momentum. Geometry: the golden pocket sits BELOW the zone (the zone is the nearer level; the pocket is a deeper/secondary level). The zone supports a long but the fib leg is not confirmed yet; wait for HH-HL before entering.
F13xZ4xOVL,F13,Z4,demand,OVERLAP,SHALLOW,NEAR_ABOVE_DEMAND_DOWN,WAIT,SKIP,WATCH,NOT ACTIONABLE YET - Fib: price retraced only to the 23.6-38.2% zone (too shallow for a fib entry). ZOI: price is 1-10% above a demand zone but with no HH-HL. Geometry: the golden pocket and the zone occupy the SAME price band (true confluence at one level). No confirmed signal; wait for price to reach a zone or confirm direction.
F13xZ4xPABV,F13,Z4,demand,POCKET_ABOVE,SHALLOW,NEAR_ABOVE_DEMAND_DOWN,WAIT,SKIP,WATCH,NOT ACTIONABLE YET - Fib: price retraced only to the 23.6-38.2% zone (too shallow for a fib entry). ZOI: price is 1-10% above a demand zone but with no HH-HL. Geometry: the golden pocket sits ABOVE the zone (the zone is a deeper support/backstop below). No confirmed signal; wait for price to reach a zone or confirm direction.
F13xZ4xPBLW,F13,Z4,demand,POCKET_BELOW,SHALLOW,NEAR_ABOVE_DEMAND_DOWN,WAIT,SKIP,WATCH,NOT ACTIONABLE YET - Fib: price retraced only to the 23.6-38.2% zone (too shallow for a fib entry). ZOI: price is 1-10% above a demand zone but with no HH-HL. Geometry: the golden pocket sits BELOW the zone (the zone is the nearer level; the pocket is a deeper/secondary level). No confirmed signal; wait for price to reach a zone or confirm direction.
F13xZ5xOVL,F13,Z5,demand,OVERLAP,SHALLOW,FAR_ABOVE_DEMAND,WAIT,SKIP,WAIT,NOT ACTIONABLE YET - Fib: price retraced only to the 23.6-38.2% zone (too shallow for a fib entry). ZOI: price is >10% above the nearest demand zone (extended). Geometry: the golden pocket and the zone occupy the SAME price band (true confluence at one level). No confirmed signal; wait for price to reach a zone or confirm direction.
F13xZ5xPABV,F13,Z5,demand,POCKET_ABOVE,SHALLOW,FAR_ABOVE_DEMAND,WAIT,SKIP,WAIT,NOT ACTIONABLE YET - Fib: price retraced only to the 23.6-38.2% zone (too shallow for a fib entry). ZOI: price is >10% above the nearest demand zone (extended). Geometry: the golden pocket sits ABOVE the zone (the zone is a deeper support/backstop below). No confirmed signal; wait for price to reach a zone or confirm direction.
F13xZ5xPBLW,F13,Z5,demand,POCKET_BELOW,SHALLOW,FAR_ABOVE_DEMAND,WAIT,SKIP,WAIT,NOT ACTIONABLE YET - Fib: price retraced only to the 23.6-38.2% zone (too shallow for a fib entry). ZOI: price is >10% above the nearest demand zone (extended). Geometry: the golden pocket sits BELOW the zone (the zone is the nearer level; the pocket is a deeper/secondary level). No confirmed signal; wait for price to reach a zone or confirm direction.
F13xZ5cxOVL,F13,Z5c,demand,OVERLAP,SHALLOW,RECOVERY_INSIDE_DEMAND,WATCH,SKIP,BUY,SETUP FORMING - Fib: price retraced only to the 23.6-38.2% zone (too shallow for a fib entry). ZOI: price recovered from below back into a demand zone (level reclaimed). Geometry: the golden pocket and the zone occupy the SAME price band (true confluence at one level). The zone supports a long but the fib leg is not confirmed yet; wait for HH-HL before entering.
F13xZ5cxPBLW,F13,Z5c,demand,POCKET_BELOW,SHALLOW,RECOVERY_INSIDE_DEMAND,WATCH,SKIP,BUY,SETUP FORMING - Fib: price retraced only to the 23.6-38.2% zone (too shallow for a fib entry). ZOI: price recovered from below back into a demand zone (level reclaimed). Geometry: the golden pocket sits BELOW the zone (the zone is the nearer level; the pocket is a deeper/secondary level). The zone supports a long but the fib leg is not confirmed yet; wait for HH-HL before entering.
F13xZ5dxOVL,F13,Z5d,demand,OVERLAP,SHALLOW,RECOVERY_ABOVE_DEMAND,WATCH,SKIP,BUY,SETUP FORMING - Fib: price retraced only to the 23.6-38.2% zone (too shallow for a fib entry). ZOI: price recovered through a demand zone and is 1-10% above it. Geometry: the golden pocket and the zone occupy the SAME price band (true confluence at one level). The zone supports a long but the fib leg is not confirmed yet; wait for HH-HL before entering.
F13xZ5dxPABV,F13,Z5d,demand,POCKET_ABOVE,SHALLOW,RECOVERY_ABOVE_DEMAND,WATCH,SKIP,BUY,SETUP FORMING - Fib: price retraced only to the 23.6-38.2% zone (too shallow for a fib entry). ZOI: price recovered through a demand zone and is 1-10% above it. Geometry: the golden pocket sits ABOVE the zone (the zone is a deeper support/backstop below). The zone supports a long but the fib leg is not confirmed yet; wait for HH-HL before entering.
F13xZ5dxPBLW,F13,Z5d,demand,POCKET_BELOW,SHALLOW,RECOVERY_ABOVE_DEMAND,WATCH,SKIP,BUY,SETUP FORMING - Fib: price retraced only to the 23.6-38.2% zone (too shallow for a fib entry). ZOI: price recovered through a demand zone and is 1-10% above it. Geometry: the golden pocket sits BELOW the zone (the zone is the nearer level; the pocket is a deeper/secondary level). The zone supports a long but the fib leg is not confirmed yet; wait for HH-HL before entering.
F13xZ6xPBLW,F13,Z6,demand,POCKET_BELOW,SHALLOW,BELOW_DEMAND,AVOID,SKIP,AVOID,DANGEROUS - Fib: price retraced only to the 23.6-38.2% zone (too shallow for a fib entry). ZOI: price closed below the demand zone (support invalidated). Geometry: the golden pocket sits BELOW the zone (the zone is the nearer level; the pocket is a deeper/secondary level). High risk of loss - do not enter here.
F13xZ13xOVL,F13,Z13,demand,OVERLAP,SHALLOW,STACKED_DEMAND,WATCH,SKIP,BUY,SETUP FORMING - Fib: price retraced only to the 23.6-38.2% zone (too shallow for a fib entry). ZOI: 2+ demand zones overlap here (multi-zone confluence). Geometry: the golden pocket and the zone occupy the SAME price band (true confluence at one level). The zone supports a long but the fib leg is not confirmed yet; wait for HH-HL before entering.
F13xZ13xPBLW,F13,Z13,demand,POCKET_BELOW,SHALLOW,STACKED_DEMAND,WATCH,SKIP,BUY,SETUP FORMING - Fib: price retraced only to the 23.6-38.2% zone (too shallow for a fib entry). ZOI: 2+ demand zones overlap here (multi-zone confluence). Geometry: the golden pocket sits BELOW the zone (the zone is the nearer level; the pocket is a deeper/secondary level). The zone supports a long but the fib leg is not confirmed yet; wait for HH-HL before entering.
F13xZ7xOVL,F13,Z7,supply,OVERLAP,SHALLOW,INSIDE_SUPPLY,AVOID,SKIP,AVOID,DANGEROUS - Fib: price retraced only to the 23.6-38.2% zone (too shallow for a fib entry). ZOI: price is inside a supply zone (active institutional selling). Geometry: the golden pocket and the zone occupy the SAME price band (true confluence at one level). High risk of loss - do not enter here.
F13xZ7xPBLW,F13,Z7,supply,POCKET_BELOW,SHALLOW,INSIDE_SUPPLY,SKIP,SKIP,AVOID,NO EDGE - Fib: price retraced only to the 23.6-38.2% zone (too shallow for a fib entry). ZOI: price is inside a supply zone (active institutional selling). Geometry: the golden pocket sits BELOW the zone (the zone is the nearer level; the pocket is a deeper/secondary level). The fib setup is missed/invalid and the zone does not rescue it; wait for a deeper pullback into the golden pocket.
F13xZ8xPBLW,F13,Z8,supply,POCKET_BELOW,SHALLOW,NEAR_BELOW_SUPPLY,SKIP,SKIP,AVOID,NO EDGE - Fib: price retraced only to the 23.6-38.2% zone (too shallow for a fib entry). ZOI: price is 1-10% below a supply zone (resistance overhead). Geometry: the golden pocket sits BELOW the zone (the zone is the nearer level; the pocket is a deeper/secondary level). The fib setup is missed/invalid and the zone does not rescue it; wait for a deeper pullback into the golden pocket.
F13xZ9xPBLW,F13,Z9,supply,POCKET_BELOW,SHALLOW,FAR_BELOW_SUPPLY,SKIP,SKIP,WAIT,NO EDGE - Fib: price retraced only to the 23.6-38.2% zone (too shallow for a fib entry). ZOI: the nearest supply zone is >10% overhead (not a factor). Geometry: the golden pocket sits BELOW the zone (the zone is the nearer level; the pocket is a deeper/secondary level). The fib setup is missed/invalid and the zone does not rescue it; wait for a deeper pullback into the golden pocket.
F13xZ10xOVL,F13,Z10,supply,OVERLAP,SHALLOW,ABOVE_SUPPLY_UP,WATCH,SKIP,BUY,"SETUP FORMING - Fib: price retraced only to the 23.6-38.2% zone (too shallow for a fib entry). ZOI: price broke above a supply zone and is rising (breakout, old resistance now support). Geometry: the golden pocket and the zone occupy the SAME price band (true confluence at one level). The zone supports a long but the fib leg is not confirmed yet; wait for HH-HL before entering."
F13xZ10xPABV,F13,Z10,supply,POCKET_ABOVE,SHALLOW,ABOVE_SUPPLY_UP,WATCH,SKIP,BUY,"SETUP FORMING - Fib: price retraced only to the 23.6-38.2% zone (too shallow for a fib entry). ZOI: price broke above a supply zone and is rising (breakout, old resistance now support). Geometry: the golden pocket sits ABOVE the zone (the zone is a deeper support/backstop below). The zone supports a long but the fib leg is not confirmed yet; wait for HH-HL before entering."
F13xZ10xPBLW,F13,Z10,supply,POCKET_BELOW,SHALLOW,ABOVE_SUPPLY_UP,WATCH,SKIP,BUY,"SETUP FORMING - Fib: price retraced only to the 23.6-38.2% zone (too shallow for a fib entry). ZOI: price broke above a supply zone and is rising (breakout, old resistance now support). Geometry: the golden pocket sits BELOW the zone (the zone is the nearer level; the pocket is a deeper/secondary level). The zone supports a long but the fib leg is not confirmed yet; wait for HH-HL before entering."
F13xZ11xOVL,F13,Z11,supply,OVERLAP,SHALLOW,ABOVE_SUPPLY_DOWN,AVOID,SKIP,AVOID,DANGEROUS - Fib: price retraced only to the 23.6-38.2% zone (too shallow for a fib entry). ZOI: price broke above supply but is falling back (failed breakout / bull trap). Geometry: the golden pocket and the zone occupy the SAME price band (true confluence at one level). High risk of loss - do not enter here.
F13xZ11xPABV,F13,Z11,supply,POCKET_ABOVE,SHALLOW,ABOVE_SUPPLY_DOWN,AVOID,SKIP,AVOID,DANGEROUS - Fib: price retraced only to the 23.6-38.2% zone (too shallow for a fib entry). ZOI: price broke above supply but is falling back (failed breakout / bull trap). Geometry: the golden pocket sits ABOVE the zone (the zone is a deeper support/backstop below). High risk of loss - do not enter here.
F13xZ11xPBLW,F13,Z11,supply,POCKET_BELOW,SHALLOW,ABOVE_SUPPLY_DOWN,AVOID,SKIP,AVOID,DANGEROUS - Fib: price retraced only to the 23.6-38.2% zone (too shallow for a fib entry). ZOI: price broke above supply but is falling back (failed breakout / bull trap). Geometry: the golden pocket sits BELOW the zone (the zone is the nearer level; the pocket is a deeper/secondary level). High risk of loss - do not enter here.
F13xZ11bxOVL,F13,Z11b,supply,OVERLAP,SHALLOW,ABOVE_SUPPLY_EXTENDED,WAIT,SKIP,WAIT,NOT ACTIONABLE YET - Fib: price retraced only to the 23.6-38.2% zone (too shallow for a fib entry). ZOI: price ran >5% past the broken supply zone (extended). Geometry: the golden pocket and the zone occupy the SAME price band (true confluence at one level). No confirmed signal; wait for price to reach a zone or confirm direction.
F13xZ11bxPABV,F13,Z11b,supply,POCKET_ABOVE,SHALLOW,ABOVE_SUPPLY_EXTENDED,WAIT,SKIP,WAIT,NOT ACTIONABLE YET - Fib: price retraced only to the 23.6-38.2% zone (too shallow for a fib entry). ZOI: price ran >5% past the broken supply zone (extended). Geometry: the golden pocket sits ABOVE the zone (the zone is a deeper support/backstop below). No confirmed signal; wait for price to reach a zone or confirm direction.
F13xZ11bxPBLW,F13,Z11b,supply,POCKET_BELOW,SHALLOW,ABOVE_SUPPLY_EXTENDED,WAIT,SKIP,WAIT,NOT ACTIONABLE YET - Fib: price retraced only to the 23.6-38.2% zone (too shallow for a fib entry). ZOI: price ran >5% past the broken supply zone (extended). Geometry: the golden pocket sits BELOW the zone (the zone is the nearer level; the pocket is a deeper/secondary level). No confirmed signal; wait for price to reach a zone or confirm direction.
F13xZ12xNA,F13,Z12,none,N/A,SHALLOW,BETWEEN,SKIP,SKIP,WAIT,"NO EDGE - Fib: price retraced only to the 23.6-38.2% zone (too shallow for a fib entry). ZOI: price is between zones (no demand or supply nearby). Geometry: price is between zones, so there is no zone band to align with the pocket. The fib setup is missed/invalid and the zone does not rescue it; wait for a deeper pullback into the golden pocket."
F14xZ1xOVL,F14,Z1,demand,OVERLAP,RECOVERED_ABOVE,INSIDE_DEMAND_UP,WATCH,SKIP,BUY,"SETUP FORMING - Fib: price already recovered above the pocket (the bounce happened, entry missed). ZOI: price is inside a demand zone and rising (institutional support confirmed). Geometry: the golden pocket and the zone occupy the SAME price band (true confluence at one level). The zone supports a long but the fib leg is not confirmed yet; wait for HH-HL before entering."
F14xZ1xPBLW,F14,Z1,demand,POCKET_BELOW,RECOVERED_ABOVE,INSIDE_DEMAND_UP,WATCH,SKIP,BUY,"SETUP FORMING - Fib: price already recovered above the pocket (the bounce happened, entry missed). ZOI: price is inside a demand zone and rising (institutional support confirmed). Geometry: the golden pocket sits BELOW the zone (the zone is the nearer level; the pocket is a deeper/secondary level). The zone supports a long but the fib leg is not confirmed yet; wait for HH-HL before entering."
F14xZ2xOVL,F14,Z2,demand,OVERLAP,RECOVERED_ABOVE,INSIDE_DEMAND_DOWN,AVOID,SKIP,AVOID,"DANGEROUS - Fib: price already recovered above the pocket (the bounce happened, entry missed). ZOI: price is inside a demand zone but falling (zone breaking down). Geometry: the golden pocket and the zone occupy the SAME price band (true confluence at one level). High risk of loss - do not enter here."
F14xZ2xPBLW,F14,Z2,demand,POCKET_BELOW,RECOVERED_ABOVE,INSIDE_DEMAND_DOWN,AVOID,SKIP,AVOID,"DANGEROUS - Fib: price already recovered above the pocket (the bounce happened, entry missed). ZOI: price is inside a demand zone but falling (zone breaking down). Geometry: the golden pocket sits BELOW the zone (the zone is the nearer level; the pocket is a deeper/secondary level). High risk of loss - do not enter here."
F14xZ3xOVL,F14,Z3,demand,OVERLAP,RECOVERED_ABOVE,NEAR_ABOVE_DEMAND_UP,WATCH,SKIP,BUY,"SETUP FORMING - Fib: price already recovered above the pocket (the bounce happened, entry missed). ZOI: price bounced 1-10% above a demand zone with momentum. Geometry: the golden pocket and the zone occupy the SAME price band (true confluence at one level). The zone supports a long but the fib leg is not confirmed yet; wait for HH-HL before entering."
F14xZ3xPABV,F14,Z3,demand,POCKET_ABOVE,RECOVERED_ABOVE,NEAR_ABOVE_DEMAND_UP,WATCH,SKIP,BUY,"SETUP FORMING - Fib: price already recovered above the pocket (the bounce happened, entry missed). ZOI: price bounced 1-10% above a demand zone with momentum. Geometry: the golden pocket sits ABOVE the zone (the zone is a deeper support/backstop below). The zone supports a long but the fib leg is not confirmed yet; wait for HH-HL before entering."
F14xZ3xPBLW,F14,Z3,demand,POCKET_BELOW,RECOVERED_ABOVE,NEAR_ABOVE_DEMAND_UP,WATCH,SKIP,BUY,"SETUP FORMING - Fib: price already recovered above the pocket (the bounce happened, entry missed). ZOI: price bounced 1-10% above a demand zone with momentum. Geometry: the golden pocket sits BELOW the zone (the zone is the nearer level; the pocket is a deeper/secondary level). The zone supports a long but the fib leg is not confirmed yet; wait for HH-HL before entering."
F14xZ4xOVL,F14,Z4,demand,OVERLAP,RECOVERED_ABOVE,NEAR_ABOVE_DEMAND_DOWN,WAIT,SKIP,WATCH,"NOT ACTIONABLE YET - Fib: price already recovered above the pocket (the bounce happened, entry missed). ZOI: price is 1-10% above a demand zone but with no HH-HL. Geometry: the golden pocket and the zone occupy the SAME price band (true confluence at one level). No confirmed signal; wait for price to reach a zone or confirm direction."
F14xZ4xPABV,F14,Z4,demand,POCKET_ABOVE,RECOVERED_ABOVE,NEAR_ABOVE_DEMAND_DOWN,WAIT,SKIP,WATCH,"NOT ACTIONABLE YET - Fib: price already recovered above the pocket (the bounce happened, entry missed). ZOI: price is 1-10% above a demand zone but with no HH-HL. Geometry: the golden pocket sits ABOVE the zone (the zone is a deeper support/backstop below). No confirmed signal; wait for price to reach a zone or confirm direction."
F14xZ4xPBLW,F14,Z4,demand,POCKET_BELOW,RECOVERED_ABOVE,NEAR_ABOVE_DEMAND_DOWN,WAIT,SKIP,WATCH,"NOT ACTIONABLE YET - Fib: price already recovered above the pocket (the bounce happened, entry missed). ZOI: price is 1-10% above a demand zone but with no HH-HL. Geometry: the golden pocket sits BELOW the zone (the zone is the nearer level; the pocket is a deeper/secondary level). No confirmed signal; wait for price to reach a zone or confirm direction."
F14xZ5xOVL,F14,Z5,demand,OVERLAP,RECOVERED_ABOVE,FAR_ABOVE_DEMAND,WAIT,SKIP,WAIT,"NOT ACTIONABLE YET - Fib: price already recovered above the pocket (the bounce happened, entry missed). ZOI: price is >10% above the nearest demand zone (extended). Geometry: the golden pocket and the zone occupy the SAME price band (true confluence at one level). No confirmed signal; wait for price to reach a zone or confirm direction."
F14xZ5xPABV,F14,Z5,demand,POCKET_ABOVE,RECOVERED_ABOVE,FAR_ABOVE_DEMAND,WAIT,SKIP,WAIT,"NOT ACTIONABLE YET - Fib: price already recovered above the pocket (the bounce happened, entry missed). ZOI: price is >10% above the nearest demand zone (extended). Geometry: the golden pocket sits ABOVE the zone (the zone is a deeper support/backstop below). No confirmed signal; wait for price to reach a zone or confirm direction."
F14xZ5xPBLW,F14,Z5,demand,POCKET_BELOW,RECOVERED_ABOVE,FAR_ABOVE_DEMAND,WAIT,SKIP,WAIT,"NOT ACTIONABLE YET - Fib: price already recovered above the pocket (the bounce happened, entry missed). ZOI: price is >10% above the nearest demand zone (extended). Geometry: the golden pocket sits BELOW the zone (the zone is the nearer level; the pocket is a deeper/secondary level). No confirmed signal; wait for price to reach a zone or confirm direction."
F14xZ5cxOVL,F14,Z5c,demand,OVERLAP,RECOVERED_ABOVE,RECOVERY_INSIDE_DEMAND,WATCH,SKIP,BUY,"SETUP FORMING - Fib: price already recovered above the pocket (the bounce happened, entry missed). ZOI: price recovered from below back into a demand zone (level reclaimed). Geometry: the golden pocket and the zone occupy the SAME price band (true confluence at one level). The zone supports a long but the fib leg is not confirmed yet; wait for HH-HL before entering."
F14xZ5cxPBLW,F14,Z5c,demand,POCKET_BELOW,RECOVERED_ABOVE,RECOVERY_INSIDE_DEMAND,WATCH,SKIP,BUY,"SETUP FORMING - Fib: price already recovered above the pocket (the bounce happened, entry missed). ZOI: price recovered from below back into a demand zone (level reclaimed). Geometry: the golden pocket sits BELOW the zone (the zone is the nearer level; the pocket is a deeper/secondary level). The zone supports a long but the fib leg is not confirmed yet; wait for HH-HL before entering."
F14xZ5dxOVL,F14,Z5d,demand,OVERLAP,RECOVERED_ABOVE,RECOVERY_ABOVE_DEMAND,WATCH,SKIP,BUY,"SETUP FORMING - Fib: price already recovered above the pocket (the bounce happened, entry missed). ZOI: price recovered through a demand zone and is 1-10% above it. Geometry: the golden pocket and the zone occupy the SAME price band (true confluence at one level). The zone supports a long but the fib leg is not confirmed yet; wait for HH-HL before entering."
F14xZ5dxPABV,F14,Z5d,demand,POCKET_ABOVE,RECOVERED_ABOVE,RECOVERY_ABOVE_DEMAND,WATCH,SKIP,BUY,"SETUP FORMING - Fib: price already recovered above the pocket (the bounce happened, entry missed). ZOI: price recovered through a demand zone and is 1-10% above it. Geometry: the golden pocket sits ABOVE the zone (the zone is a deeper support/backstop below). The zone supports a long but the fib leg is not confirmed yet; wait for HH-HL before entering."
F14xZ5dxPBLW,F14,Z5d,demand,POCKET_BELOW,RECOVERED_ABOVE,RECOVERY_ABOVE_DEMAND,WATCH,SKIP,BUY,"SETUP FORMING - Fib: price already recovered above the pocket (the bounce happened, entry missed). ZOI: price recovered through a demand zone and is 1-10% above it. Geometry: the golden pocket sits BELOW the zone (the zone is the nearer level; the pocket is a deeper/secondary level). The zone supports a long but the fib leg is not confirmed yet; wait for HH-HL before entering."
F14xZ6xPBLW,F14,Z6,demand,POCKET_BELOW,RECOVERED_ABOVE,BELOW_DEMAND,AVOID,SKIP,AVOID,"DANGEROUS - Fib: price already recovered above the pocket (the bounce happened, entry missed). ZOI: price closed below the demand zone (support invalidated). Geometry: the golden pocket sits BELOW the zone (the zone is the nearer level; the pocket is a deeper/secondary level). High risk of loss - do not enter here."
F14xZ13xOVL,F14,Z13,demand,OVERLAP,RECOVERED_ABOVE,STACKED_DEMAND,WATCH,SKIP,BUY,"SETUP FORMING - Fib: price already recovered above the pocket (the bounce happened, entry missed). ZOI: 2+ demand zones overlap here (multi-zone confluence). Geometry: the golden pocket and the zone occupy the SAME price band (true confluence at one level). The zone supports a long but the fib leg is not confirmed yet; wait for HH-HL before entering."
F14xZ13xPBLW,F14,Z13,demand,POCKET_BELOW,RECOVERED_ABOVE,STACKED_DEMAND,WATCH,SKIP,BUY,"SETUP FORMING - Fib: price already recovered above the pocket (the bounce happened, entry missed). ZOI: 2+ demand zones overlap here (multi-zone confluence). Geometry: the golden pocket sits BELOW the zone (the zone is the nearer level; the pocket is a deeper/secondary level). The zone supports a long but the fib leg is not confirmed yet; wait for HH-HL before entering."
F14xZ7xOVL,F14,Z7,supply,OVERLAP,RECOVERED_ABOVE,INSIDE_SUPPLY,AVOID,SKIP,AVOID,"DANGEROUS - Fib: price already recovered above the pocket (the bounce happened, entry missed). ZOI: price is inside a supply zone (active institutional selling). Geometry: the golden pocket and the zone occupy the SAME price band (true confluence at one level). High risk of loss - do not enter here."
F14xZ7xPBLW,F14,Z7,supply,POCKET_BELOW,RECOVERED_ABOVE,INSIDE_SUPPLY,SKIP,SKIP,AVOID,"NO EDGE - Fib: price already recovered above the pocket (the bounce happened, entry missed). ZOI: price is inside a supply zone (active institutional selling). Geometry: the golden pocket sits BELOW the zone (the zone is the nearer level; the pocket is a deeper/secondary level). The fib setup is missed/invalid and the zone does not rescue it; wait for a deeper pullback into the golden pocket."
F14xZ8xPBLW,F14,Z8,supply,POCKET_BELOW,RECOVERED_ABOVE,NEAR_BELOW_SUPPLY,SKIP,SKIP,AVOID,"NO EDGE - Fib: price already recovered above the pocket (the bounce happened, entry missed). ZOI: price is 1-10% below a supply zone (resistance overhead). Geometry: the golden pocket sits BELOW the zone (the zone is the nearer level; the pocket is a deeper/secondary level). The fib setup is missed/invalid and the zone does not rescue it; wait for a deeper pullback into the golden pocket."
F14xZ9xPBLW,F14,Z9,supply,POCKET_BELOW,RECOVERED_ABOVE,FAR_BELOW_SUPPLY,SKIP,SKIP,WAIT,"NO EDGE - Fib: price already recovered above the pocket (the bounce happened, entry missed). ZOI: the nearest supply zone is >10% overhead (not a factor). Geometry: the golden pocket sits BELOW the zone (the zone is the nearer level; the pocket is a deeper/secondary level). The fib setup is missed/invalid and the zone does not rescue it; wait for a deeper pullback into the golden pocket."
F14xZ10xOVL,F14,Z10,supply,OVERLAP,RECOVERED_ABOVE,ABOVE_SUPPLY_UP,WATCH,SKIP,BUY,"SETUP FORMING - Fib: price already recovered above the pocket (the bounce happened, entry missed). ZOI: price broke above a supply zone and is rising (breakout, old resistance now support). Geometry: the golden pocket and the zone occupy the SAME price band (true confluence at one level). The zone supports a long but the fib leg is not confirmed yet; wait for HH-HL before entering."
F14xZ10xPABV,F14,Z10,supply,POCKET_ABOVE,RECOVERED_ABOVE,ABOVE_SUPPLY_UP,WATCH,SKIP,BUY,"SETUP FORMING - Fib: price already recovered above the pocket (the bounce happened, entry missed). ZOI: price broke above a supply zone and is rising (breakout, old resistance now support). Geometry: the golden pocket sits ABOVE the zone (the zone is a deeper support/backstop below). The zone supports a long but the fib leg is not confirmed yet; wait for HH-HL before entering."
F14xZ10xPBLW,F14,Z10,supply,POCKET_BELOW,RECOVERED_ABOVE,ABOVE_SUPPLY_UP,WATCH,SKIP,BUY,"SETUP FORMING - Fib: price already recovered above the pocket (the bounce happened, entry missed). ZOI: price broke above a supply zone and is rising (breakout, old resistance now support). Geometry: the golden pocket sits BELOW the zone (the zone is the nearer level; the pocket is a deeper/secondary level). The zone supports a long but the fib leg is not confirmed yet; wait for HH-HL before entering."
F14xZ11xOVL,F14,Z11,supply,OVERLAP,RECOVERED_ABOVE,ABOVE_SUPPLY_DOWN,AVOID,SKIP,AVOID,"DANGEROUS - Fib: price already recovered above the pocket (the bounce happened, entry missed). ZOI: price broke above supply but is falling back (failed breakout / bull trap). Geometry: the golden pocket and the zone occupy the SAME price band (true confluence at one level). High risk of loss - do not enter here."
F14xZ11xPABV,F14,Z11,supply,POCKET_ABOVE,RECOVERED_ABOVE,ABOVE_SUPPLY_DOWN,AVOID,SKIP,AVOID,"DANGEROUS - Fib: price already recovered above the pocket (the bounce happened, entry missed). ZOI: price broke above supply but is falling back (failed breakout / bull trap). Geometry: the golden pocket sits ABOVE the zone (the zone is a deeper support/backstop below). High risk of loss - do not enter here."
F14xZ11xPBLW,F14,Z11,supply,POCKET_BELOW,RECOVERED_ABOVE,ABOVE_SUPPLY_DOWN,AVOID,SKIP,AVOID,"DANGEROUS - Fib: price already recovered above the pocket (the bounce happened, entry missed). ZOI: price broke above supply but is falling back (failed breakout / bull trap). Geometry: the golden pocket sits BELOW the zone (the zone is the nearer level; the pocket is a deeper/secondary level). High risk of loss - do not enter here."
F14xZ11bxOVL,F14,Z11b,supply,OVERLAP,RECOVERED_ABOVE,ABOVE_SUPPLY_EXTENDED,WAIT,SKIP,WAIT,"NOT ACTIONABLE YET - Fib: price already recovered above the pocket (the bounce happened, entry missed). ZOI: price ran >5% past the broken supply zone (extended). Geometry: the golden pocket and the zone occupy the SAME price band (true confluence at one level). No confirmed signal; wait for price to reach a zone or confirm direction."
F14xZ11bxPABV,F14,Z11b,supply,POCKET_ABOVE,RECOVERED_ABOVE,ABOVE_SUPPLY_EXTENDED,WAIT,SKIP,WAIT,"NOT ACTIONABLE YET - Fib: price already recovered above the pocket (the bounce happened, entry missed). ZOI: price ran >5% past the broken supply zone (extended). Geometry: the golden pocket sits ABOVE the zone (the zone is a deeper support/backstop below). No confirmed signal; wait for price to reach a zone or confirm direction."
F14xZ11bxPBLW,F14,Z11b,supply,POCKET_BELOW,RECOVERED_ABOVE,ABOVE_SUPPLY_EXTENDED,WAIT,SKIP,WAIT,"NOT ACTIONABLE YET - Fib: price already recovered above the pocket (the bounce happened, entry missed). ZOI: price ran >5% past the broken supply zone (extended). Geometry: the golden pocket sits BELOW the zone (the zone is the nearer level; the pocket is a deeper/secondary level). No confirmed signal; wait for price to reach a zone or confirm direction."
F14xZ12xNA,F14,Z12,none,N/A,RECOVERED_ABOVE,BETWEEN,SKIP,SKIP,WAIT,"NO EDGE - Fib: price already recovered above the pocket (the bounce happened, entry missed). ZOI: price is between zones (no demand or supply nearby). Geometry: price is between zones, so there is no zone band to align with the pocket. The fib setup is missed/invalid and the zone does not rescue it; wait for a deeper pullback into the golden pocket."
